Order_ID,Customer_ID,Age,Gender,Location,Product_Category,Brand,Price,Quantity,Discount_%,Discount_Value,Total_Amount,Payment_Method,Device_Type,Purchase_Date,Customer_Segment
5001,2001,63,Female,Chennai,Electronics,Samsung,53182.92,4,25,13295.73,159548.76,Card,Laptop - Mac,27-10-2025,High
5002,2002,20,Male,Delhi,Beauty,Apple,64597.55,4,10,6459.76,232551.16,UPI,Tablet - iPad,09-12-2025,High
5003,2003,46,Female,Mumbai,Electronics,Samsung,57328.05,5,40,22931.22,171984.15,COD,Laptop - Mac,20-04-2025,High
5004,2004,52,Male,Chennai,Home,Sony,42926.26,5,25,10731.56,160973.5,COD,Mobile - iOS,05-11-2025,High
5005,2005,56,Male,Hyderabad,Electronics,Samsung,66798.25,4,5,3339.91,253833.36,Card,Laptop - Windows,20-02-2025,High
5006,2006,35,Female,Pune,Home,Puma,75682.02,2,25,18920.5,113523.04,COD,Tablet - Android,20-10-2025,High
5007,2007,37,Female,Bangalore,Beauty,Samsung,74469.62,1,10,7446.96,67022.66,COD,Laptop - Windows,07-03-2025,High
5008,2008,60,Male,Delhi,Clothing,Sony,24373.86,5,40,9749.54,73121.6,UPI,Tablet - Android,28-03-2025,High
5009,2009,40,Female,Hyderabad,Beauty,Apple,30889.75,1,5,1544.49,29345.26,UPI,Tablet - iPad,18-02-2025,Medium
5010,2010,51,Female,Delhi,Electronics,Adidas,61827.27,5,5,3091.36,293679.55,Card,Tablet - Android,06-12-2025,High
5011,2011,50,Male,Chennai,Clothing,Boat,55802.18,5,15,8370.33,237159.25,COD,Tablet - iPad,08-10-2025,High
5012,2012,27,Male,Mumbai,Clothing,Apple,55608.28,3,0,0,166824.84,COD,Tablet - iPad,06-12-2025,High
5013,2013,50,Female,Delhi,Beauty,Apple,63334.77,3,40,25333.91,114002.58,COD,Tablet - Android,15-11-2025,High
5014,2014,64,Female,Mumbai,Home,Boat,56452.14,1,5,2822.61,53629.53,COD,Mobile - iOS,12-10-2025,High
5015,2015,50,Male,Mumbai,Sports,Zara,22155.14,5,5,1107.76,105236.9,COD,Laptop - Mac,31-05-2025,High
5016,2016,43,Female,Pune,Sports,Boat,45254.16,4,25,11313.54,135762.48,COD,Mobile - Android,26-02-2025,High
5017,2017,37,Female,Delhi,Sports,Apple,27279.85,2,40,10911.94,32735.82,COD,Laptop - Mac,10-06-2025,Medium
5018,2018,32,Male,Chennai,Clothing,Boat,24011.08,5,0,0,120055.4,Card,Tablet - iPad,14-07-2025,High
5019,2019,54,Female,Bangalore,Beauty,Sony,24930.47,3,5,1246.52,71051.85,UPI,Tablet - iPad,17-07-2025,High
5020,2020,50,Female,Hyderabad,Beauty,Sony,31960.67,2,20,6392.13,51137.08,Card,Laptop - Windows,03-01-2025,High
5021,2021,34,Male,Mumbai,Clothing,Samsung,33879.25,3,40,13551.7,60982.65,COD,Tablet - Android,20-04-2025,High
5022,2022,22,Female,Pune,Clothing,Samsung,23054.83,2,25,5763.71,34582.24,UPI,Laptop - Windows,25-04-2025,Medium
5023,2023,21,Female,Delhi,Electronics,Nike,51521.5,1,25,12880.38,38641.12,UPI,Laptop - Windows,30-06-2025,Medium
5024,2024,20,Female,Chennai,Home,Samsung,61583.26,4,5,3079.16,234016.4,COD,Laptop - Mac,25-11-2025,High
5025,2025,38,Male,Bangalore,Home,Puma,44592.39,5,20,8918.48,178369.55,COD,Mobile - Android,03-08-2025,High
5026,2026,57,Female,Mumbai,Home,Puma,52886.87,1,20,10577.37,42309.5,Card,Tablet - Android,02-05-2025,Medium
5027,2027,20,Male,Hyderabad,Beauty,Samsung,17339.27,5,25,4334.82,65022.25,COD,Mobile - Android,27-06-2025,High
5028,2028,38,Male,Delhi,Sports,Boat,55097.7,4,5,2754.88,209371.28,UPI,Tablet - iPad,29-11-2025,High
5029,2029,25,Female,Delhi,Sports,Samsung,79400.78,2,10,7940.08,142921.4,COD,Mobile - Android,28-07-2025,High
5030,2030,59,Male,Delhi,Sports,Puma,28187.74,1,25,7046.94,21140.8,COD,Mobile - iOS,22-09-2025,Medium
5031,2031,53,Male,Pune,Beauty,Nike,15880.83,2,30,4764.25,22233.16,COD,Laptop - Windows,15-11-2025,Medium
5032,2032,46,Female,Mumbai,Sports,Nike,23388.7,3,15,3508.3,59641.2,UPI,Mobile - Android,22-02-2025,High
5033,2033,56,Male,Hyderabad,Sports,Samsung,18041.31,1,25,4510.33,13530.98,Card,Tablet - Android,27-07-2025,Low
5034,2034,51,Female,Hyderabad,Sports,Sony,45906.53,4,15,6885.98,156082.2,UPI,Laptop - Windows,10-11-2025,High
5035,2035,39,Male,Bangalore,Sports,Adidas,75660.73,2,15,11349.11,128623.24,COD,Laptop - Mac,20-06-2025,High
5036,2036,48,Female,Chennai,Electronics,Nike,4506.4,4,0,0,18025.6,UPI,Mobile - Android,26-08-2025,Low
5037,2037,45,Male,Pune,Electronics,Samsung,66505.82,3,15,9975.87,169589.85,COD,Mobile - Android,10-07-2025,High
5038,2038,52,Male,Pune,Beauty,Zara,28976.91,2,10,2897.69,52158.44,Card,Tablet - iPad,22-05-2025,High
5039,2039,51,Female,Bangalore,Beauty,Nike,28209.95,4,40,11283.98,67703.88,UPI,Laptop - Mac,25-06-2025,High
5040,2040,30,Male,Mumbai,Home,Puma,29891.53,3,25,7472.88,67255.95,UPI,Laptop - Mac,27-04-2025,High
5041,2041,58,Male,Pune,Electronics,Sony,48700.81,3,5,2435.04,138797.31,Card,Tablet - iPad,05-06-2025,High
5042,2042,21,Female,Pune,Sports,Puma,12290.61,2,15,1843.59,20894.04,COD,Tablet - iPad,02-02-2025,Medium
5043,2043,60,Female,Bangalore,Beauty,Boat,73493.6,4,40,29397.44,176384.64,COD,Laptop - Windows,14-12-2025,High
5044,2044,23,Male,Delhi,Beauty,Puma,30746.99,1,0,0,30746.99,Card,Tablet - iPad,28-11-2025,Medium
5045,2045,18,Male,Delhi,Beauty,Samsung,57495.98,1,20,11499.2,45996.78,COD,Laptop - Mac,27-10-2025,Medium
5046,2046,29,Female,Hyderabad,Beauty,Samsung,78506.77,3,5,3925.34,223744.29,UPI,Mobile - Android,10-09-2025,High
5047,2047,52,Male,Bangalore,Electronics,Boat,48786.89,5,15,7318.03,207344.3,COD,Mobile - iOS,07-08-2025,High
5048,2048,28,Female,Delhi,Sports,Puma,66552.7,3,30,19965.81,139760.67,Card,Laptop - Windows,09-05-2025,High
5049,2049,40,Female,Delhi,Beauty,Boat,17490.49,4,20,3498.1,55969.56,Card,Tablet - iPad,13-05-2025,High
5050,2050,31,Female,Chennai,Electronics,Boat,8736.57,5,10,873.66,39314.55,Card,Mobile - iOS,06-10-2025,Medium
5051,2051,36,Female,Delhi,Home,Apple,31391.13,2,25,7847.78,47086.7,COD,Tablet - Android,13-03-2025,Medium
5052,2052,54,Male,Pune,Home,Adidas,27432.09,4,20,5486.42,87782.68,Card,Tablet - Android,12-06-2025,High
5053,2053,33,Female,Hyderabad,Sports,Zara,9317.88,5,15,1397.68,39601,Card,Mobile - iOS,09-09-2025,Medium
5054,2054,61,Female,Mumbai,Clothing,Apple,40283.02,2,15,6042.45,68481.14,UPI,Laptop - Mac,04-03-2025,High
5055,2055,45,Female,Bangalore,Beauty,Sony,61257.44,5,5,3062.87,290972.85,UPI,Laptop - Mac,25-11-2025,High
5056,2056,62,Male,Mumbai,Home,Puma,17719.58,4,40,7087.83,42527,UPI,Laptop - Mac,05-08-2025,Medium
5057,2057,48,Female,Pune,Electronics,Zara,28912.17,3,0,0,86736.51,COD,Tablet - iPad,15-01-2025,High
5058,2058,24,Male,Delhi,Electronics,Apple,3043.84,2,20,608.77,4870.14,COD,Laptop - Windows,02-04-2025,Low
5059,2059,63,Female,Hyderabad,Electronics,Adidas,37216.73,1,40,14886.69,22330.04,COD,Tablet - iPad,30-01-2025,Medium
5060,2060,44,Male,Mumbai,Electronics,Adidas,75655.28,2,5,3782.76,143745.04,UPI,Mobile - iOS,17-03-2025,High
5061,2061,34,Male,Mumbai,Clothing,Adidas,13275.57,2,30,3982.67,18585.8,Card,Tablet - Android,31-01-2025,Low
5062,2062,24,Female,Pune,Sports,Adidas,9221.37,2,30,2766.41,12909.92,UPI,Mobile - iOS,24-12-2025,Low
5063,2063,32,Female,Delhi,Clothing,Apple,10297.89,5,20,2059.58,41191.55,COD,Tablet - Android,08-02-2025,Medium
5064,2064,57,Male,Mumbai,Beauty,Samsung,42580.27,3,0,0,127740.81,Card,Tablet - iPad,16-09-2025,High
5065,2065,29,Female,Mumbai,Beauty,Nike,29244.66,5,25,7311.16,109667.5,UPI,Laptop - Mac,26-11-2025,High
5066,2066,25,Male,Mumbai,Home,Puma,58168.68,3,0,0,174506.04,COD,Tablet - iPad,08-09-2025,High
5067,2067,19,Female,Pune,Electronics,Puma,66432.87,4,10,6643.29,239158.32,COD,Laptop - Windows,05-05-2025,High
5068,2068,61,Male,Bangalore,Electronics,Zara,5213.46,4,25,1303.36,15640.4,Card,Laptop - Windows,20-09-2025,Low
5069,2069,55,Male,Delhi,Clothing,Adidas,78000.54,4,15,11700.08,265201.84,UPI,Tablet - Android,16-02-2025,High
5070,2070,43,Female,Hyderabad,Sports,Adidas,43676.65,3,5,2183.83,124478.46,UPI,Tablet - iPad,24-02-2025,High
5071,2071,38,Female,Pune,Clothing,Adidas,56187.29,1,10,5618.73,50568.56,UPI,Tablet - Android,26-12-2025,High
5072,2072,30,Female,Pune,Home,Zara,71766.39,2,25,17941.6,107649.58,Card,Laptop - Mac,17-06-2025,High
5073,2073,36,Female,Mumbai,Electronics,Boat,22761.94,2,25,5690.48,34142.92,Card,Tablet - iPad,30-08-2025,Medium
5074,2074,35,Female,Delhi,Home,Samsung,36664.11,4,25,9166.03,109992.32,Card,Laptop - Windows,06-05-2025,High
5075,2075,19,Female,Hyderabad,Clothing,Zara,73382.44,4,25,18345.61,220147.32,Card,Mobile - iOS,03-11-2025,High
5076,2076,62,Male,Delhi,Electronics,Boat,25825.31,4,30,7747.59,72310.88,UPI,Laptop - Windows,26-03-2025,High
5077,2077,59,Female,Pune,Beauty,Adidas,76467.1,3,25,19116.78,172050.96,UPI,Laptop - Mac,08-08-2025,High
5078,2078,45,Male,Chennai,Sports,Puma,51190.2,1,40,20476.08,30714.12,COD,Tablet - Android,16-05-2025,Medium
5079,2079,40,Male,Chennai,Sports,Adidas,52042.42,2,30,15612.73,72859.38,Card,Mobile - iOS,08-02-2025,High
5080,2080,21,Male,Pune,Beauty,Apple,7375.45,3,25,1843.86,16594.77,COD,Tablet - Android,12-10-2025,Low
5081,2081,21,Female,Delhi,Clothing,Apple,30759.76,4,25,7689.94,92279.28,UPI,Laptop - Mac,08-04-2025,High
5082,2082,29,Male,Pune,Clothing,Boat,19837.79,2,40,7935.12,23805.34,COD,Laptop - Mac,22-08-2025,Medium
5083,2083,39,Female,Chennai,Beauty,Sony,38977.21,2,15,5846.58,66261.26,Card,Tablet - Android,12-02-2025,High
5084,2084,43,Female,Bangalore,Electronics,Puma,61191.83,5,30,18357.55,214171.4,UPI,Tablet - iPad,22-10-2025,High
5085,2085,57,Female,Mumbai,Sports,Nike,58457.16,5,15,8768.57,248442.95,Card,Mobile - iOS,27-03-2025,High
5086,2086,59,Female,Delhi,Home,Boat,56588.22,4,10,5658.82,203717.6,COD,Mobile - Android,23-07-2025,High
5087,2087,52,Male,Pune,Clothing,Apple,20438.07,1,25,5109.52,15328.55,UPI,Mobile - iOS,04-03-2025,Low
5088,2088,21,Female,Delhi,Sports,Adidas,56052.54,3,0,0,168157.62,Card,Tablet - Android,08-02-2025,High
5089,2089,29,Female,Pune,Beauty,Apple,38251.69,5,30,11475.51,133880.9,Card,Mobile - iOS,26-12-2025,High
5090,2090,21,Female,Hyderabad,Clothing,Apple,39170.55,5,15,5875.58,166474.85,COD,Laptop - Mac,24-04-2025,High
5091,2091,48,Male,Mumbai,Electronics,Boat,49771.8,5,15,7465.77,211530.15,UPI,Mobile - iOS,03-01-2025,High
5092,2092,24,Male,Delhi,Beauty,Boat,11282.22,1,20,2256.44,9025.78,UPI,Tablet - Android,30-10-2025,Low
5093,2093,27,Male,Delhi,Clothing,Puma,74515.69,5,5,3725.78,353949.55,COD,Tablet - iPad,15-08-2025,High
5094,2094,41,Female,Delhi,Electronics,Sony,49714.89,3,10,4971.49,134230.2,Card,Mobile - iOS,20-09-2025,High
5095,2095,32,Male,Delhi,Clothing,Nike,28693.29,2,0,0,57386.58,COD,Laptop - Windows,04-01-2025,High
5096,2096,56,Female,Hyderabad,Electronics,Adidas,46303.14,4,40,18521.26,111127.52,Card,Mobile - Android,29-11-2025,High
5097,2097,37,Female,Pune,Beauty,Boat,54176.5,4,0,0,216706,UPI,Tablet - Android,16-04-2025,High
5098,2098,24,Female,Delhi,Clothing,Apple,69034.75,4,5,3451.74,262332.04,COD,Mobile - Android,14-07-2025,High
5099,2099,30,Male,Bangalore,Home,Puma,41106.98,4,0,0,164427.92,COD,Laptop - Mac,01-07-2025,High
5100,2100,45,Female,Delhi,Sports,Adidas,55004.68,4,40,22001.87,132011.24,UPI,Mobile - Android,12-03-2025,High
5101,2101,56,Female,Bangalore,Beauty,Puma,24753.69,2,40,9901.48,29704.42,Card,Tablet - Android,01-02-2025,Medium
5102,2102,35,Male,Bangalore,Home,Nike,31036.28,4,0,0,124145.12,COD,Laptop - Mac,13-12-2025,High
5103,2103,64,Female,Pune,Electronics,Nike,6258.54,4,5,312.93,23782.44,Card,Mobile - Android,10-02-2025,Medium
5104,2104,28,Male,Delhi,Electronics,Boat,52257.99,1,10,5225.8,47032.19,Card,Tablet - iPad,19-03-2025,Medium
5105,2105,53,Male,Mumbai,Sports,Samsung,52568.91,1,30,15770.67,36798.24,COD,Tablet - Android,18-03-2025,Medium
5106,2106,53,Female,Pune,Electronics,Samsung,5064.46,3,0,0,15193.38,UPI,Tablet - Android,12-01-2025,Low
5107,2107,19,Male,Hyderabad,Clothing,Boat,32042.46,4,5,1602.12,121761.36,Card,Laptop - Windows,25-09-2025,High
5108,2108,63,Female,Bangalore,Clothing,Sony,7788.37,4,10,778.84,28038.12,Card,Mobile - Android,05-04-2025,Medium
5109,2109,34,Male,Delhi,Home,Apple,45154.17,5,40,18061.67,135462.5,COD,Laptop - Windows,16-12-2025,High
5110,2110,23,Female,Bangalore,Electronics,Adidas,28097.29,4,0,0,112389.16,UPI,Mobile - iOS,22-02-2025,High
5111,2111,58,Male,Mumbai,Clothing,Apple,61694.12,3,30,18508.24,129557.64,Card,Tablet - Android,19-10-2025,High
5112,2112,63,Male,Hyderabad,Clothing,Samsung,33501.81,3,40,13400.72,60303.27,COD,Tablet - iPad,30-07-2025,High
5113,2113,40,Male,Delhi,Clothing,Samsung,79541.21,1,0,0,79541.21,COD,Laptop - Mac,13-12-2025,High
5114,2114,64,Female,Delhi,Clothing,Boat,56802.34,1,20,11360.47,45441.87,Card,Tablet - iPad,01-04-2025,Medium
5115,2115,33,Male,Mumbai,Electronics,Apple,20758.4,3,30,6227.52,43592.64,Card,Tablet - Android,22-08-2025,Medium
5116,2116,58,Male,Bangalore,Clothing,Zara,9670.15,2,25,2417.54,14505.22,Card,Tablet - Android,04-06-2025,Low
5117,2117,43,Male,Chennai,Beauty,Puma,58062.84,4,15,8709.43,197413.64,Card,Mobile - iOS,24-03-2025,High
5118,2118,63,Female,Delhi,Electronics,Samsung,26370.35,3,20,5274.07,63288.84,Card,Laptop - Mac,31-01-2025,High
5119,2119,18,Male,Pune,Electronics,Zara,5965.36,3,25,1491.34,13422.06,Card,Laptop - Windows,21-12-2025,Low
5120,2120,53,Female,Bangalore,Clothing,Sony,46231.11,1,0,0,46231.11,UPI,Tablet - Android,20-10-2025,Medium
5121,2121,47,Female,Pune,Home,Adidas,8323.52,5,30,2497.06,29132.3,Card,Laptop - Windows,25-08-2025,Medium
5122,2122,19,Female,Hyderabad,Clothing,Samsung,20015.95,3,15,3002.39,51040.68,UPI,Laptop - Windows,10-07-2025,High
5123,2123,37,Female,Chennai,Clothing,Puma,37590.4,1,5,1879.52,35710.88,COD,Tablet - iPad,27-06-2025,Medium
5124,2124,22,Female,Hyderabad,Electronics,Nike,62114.07,3,40,24845.63,111805.32,UPI,Laptop - Mac,03-08-2025,High
5125,2125,48,Male,Bangalore,Home,Adidas,33617.61,4,40,13447.04,80682.28,UPI,Laptop - Windows,02-10-2025,High
5126,2126,25,Male,Bangalore,Electronics,Adidas,24209.48,5,10,2420.95,108942.65,Card,Laptop - Windows,27-10-2025,High
5127,2127,47,Female,Pune,Home,Apple,15166.02,3,15,2274.9,38673.36,COD,Mobile - iOS,28-02-2025,Medium
5128,2128,56,Female,Pune,Home,Nike,30124.98,5,15,4518.75,128031.15,UPI,Mobile - Android,21-03-2025,High
5129,2129,19,Female,Pune,Clothing,Samsung,3095.47,1,20,619.09,2476.38,Card,Tablet - iPad,07-06-2025,Low
5130,2130,30,Female,Chennai,Sports,Adidas,29546.04,4,30,8863.81,82728.92,COD,Tablet - iPad,12-03-2025,High
5131,2131,21,Male,Pune,Sports,Adidas,21568.45,1,0,0,21568.45,UPI,Tablet - Android,23-04-2025,Medium
5132,2132,62,Female,Chennai,Home,Sony,9214.02,5,10,921.4,41463.1,Card,Tablet - iPad,06-05-2025,Medium
5133,2133,25,Female,Hyderabad,Clothing,Puma,13390.22,2,20,2678.04,21424.36,COD,Mobile - iOS,16-09-2025,Medium
5134,2134,56,Male,Chennai,Home,Zara,74397.31,1,10,7439.73,66957.58,COD,Tablet - Android,19-12-2025,High
5135,2135,42,Female,Mumbai,Electronics,Adidas,29416.63,4,10,2941.66,105899.88,UPI,Tablet - iPad,30-08-2025,High
5136,2136,24,Female,Hyderabad,Sports,Zara,56149.25,4,10,5614.92,202137.32,Card,Mobile - iOS,04-12-2025,High
5137,2137,31,Female,Delhi,Sports,Puma,73290.59,4,15,10993.59,249188,UPI,Laptop - Mac,17-12-2025,High
5138,2138,46,Female,Hyderabad,Clothing,Puma,9951.05,1,25,2487.76,7463.29,UPI,Tablet - iPad,11-08-2025,Low
5139,2139,62,Male,Hyderabad,Clothing,Puma,47777.31,5,15,7166.6,203053.55,COD,Mobile - iOS,07-04-2025,High
5140,2140,38,Male,Hyderabad,Electronics,Puma,72549.55,4,15,10882.43,246668.48,Card,Tablet - iPad,06-01-2025,High
5141,2141,54,Female,Hyderabad,Electronics,Apple,75910.71,2,0,0,151821.42,Card,Mobile - Android,21-03-2025,High
5142,2142,50,Male,Bangalore,Beauty,Samsung,34320.43,2,5,1716.02,65208.82,COD,Laptop - Windows,01-09-2025,High
5143,2143,58,Female,Hyderabad,Clothing,Boat,32275.07,5,25,8068.77,121031.5,UPI,Mobile - Android,26-08-2025,High
5144,2144,42,Male,Delhi,Electronics,Adidas,77469.47,1,15,11620.42,65849.05,UPI,Mobile - Android,12-10-2025,High
5145,2145,63,Female,Bangalore,Home,Sony,58606.95,5,20,11721.39,234427.8,COD,Laptop - Mac,08-09-2025,High
5146,2146,31,Male,Bangalore,Clothing,Adidas,69371.7,3,30,20811.51,145680.57,Card,Laptop - Mac,22-09-2025,High
5147,2147,26,Female,Bangalore,Clothing,Boat,61956.28,5,40,24782.51,185868.85,COD,Mobile - Android,26-08-2025,High
5148,2148,32,Male,Delhi,Electronics,Apple,53529.87,4,10,5352.99,192707.52,UPI,Tablet - iPad,25-04-2025,High
5149,2149,24,Female,Bangalore,Electronics,Samsung,32161.55,3,20,6432.31,77187.72,Card,Tablet - iPad,04-07-2025,High
5150,2150,19,Male,Hyderabad,Beauty,Sony,32151.31,4,30,9645.39,90023.68,COD,Tablet - iPad,07-06-2025,High
5151,2151,48,Female,Mumbai,Clothing,Boat,55032.66,3,5,2751.63,156843.09,COD,Laptop - Windows,18-05-2025,High
5152,2152,24,Female,Delhi,Home,Nike,66506.26,2,15,9975.94,113060.64,Card,Mobile - iOS,04-10-2025,High
5153,2153,58,Male,Hyderabad,Clothing,Zara,5492,4,20,1098.4,17574.4,COD,Tablet - iPad,08-04-2025,Low
5154,2154,28,Female,Pune,Clothing,Apple,69790.08,4,0,0,279160.32,COD,Laptop - Mac,20-10-2025,High
5155,2155,30,Female,Bangalore,Home,Boat,42598.77,1,5,2129.94,40468.83,Card,Laptop - Mac,03-12-2025,Medium
5156,2156,30,Male,Chennai,Clothing,Samsung,43453.48,4,0,0,173813.92,COD,Tablet - iPad,01-04-2025,High
5157,2157,43,Female,Mumbai,Beauty,Apple,62411.18,3,10,6241.12,168510.18,COD,Mobile - Android,29-01-2025,High
5158,2158,60,Female,Pune,Home,Sony,66706.76,5,10,6670.68,300180.4,COD,Tablet - iPad,13-08-2025,High
5159,2159,25,Male,Chennai,Clothing,Nike,17992.32,4,40,7196.93,43181.56,COD,Mobile - Android,20-12-2025,Medium
5160,2160,31,Female,Pune,Electronics,Puma,63937.2,4,20,12787.44,204599.04,Card,Mobile - Android,01-08-2025,High
5161,2161,62,Female,Pune,Beauty,Samsung,3131.72,1,25,782.93,2348.79,COD,Laptop - Mac,23-12-2025,Low
5162,2162,19,Female,Pune,Electronics,Zara,57128.57,3,40,22851.43,102831.42,Card,Tablet - iPad,28-09-2025,High
5163,2163,59,Female,Pune,Beauty,Sony,45109.96,4,5,2255.5,171417.84,Card,Laptop - Windows,06-08-2025,High
5164,2164,32,Male,Pune,Home,Apple,57668.24,2,25,14417.06,86502.36,Card,Laptop - Windows,25-11-2025,High
5165,2165,41,Male,Pune,Home,Sony,67205.02,1,30,20161.51,47043.51,COD,Mobile - iOS,06-07-2025,Medium
5166,2166,51,Male,Bangalore,Home,Puma,77118.01,1,5,3855.9,73262.11,COD,Laptop - Windows,04-12-2025,High
5167,2167,21,Male,Mumbai,Home,Sony,37550.05,3,25,9387.51,84487.62,COD,Mobile - iOS,19-08-2025,High
5168,2168,35,Male,Chennai,Sports,Zara,41546.97,2,10,4154.7,74784.54,UPI,Laptop - Windows,15-05-2025,High
5169,2169,42,Male,Chennai,Home,Sony,27892.78,5,15,4183.92,118544.3,COD,Tablet - Android,20-09-2025,High
5170,2170,64,Female,Pune,Home,Samsung,22477.28,2,0,0,44954.56,UPI,Mobile - Android,01-09-2025,Medium
5171,2171,41,Female,Pune,Electronics,Puma,47133.76,3,10,4713.38,127261.14,COD,Tablet - Android,23-05-2025,High
5172,2172,23,Female,Bangalore,Home,Nike,29144.85,5,15,4371.73,123865.6,Card,Laptop - Windows,20-12-2025,High
5173,2173,51,Female,Bangalore,Home,Apple,33956.28,5,40,13582.51,101868.85,COD,Laptop - Mac,11-10-2025,High
5174,2174,55,Female,Bangalore,Beauty,Boat,8444.48,3,25,2111.12,19000.08,Card,Tablet - iPad,16-05-2025,Low
5175,2175,20,Male,Pune,Electronics,Adidas,8537.86,5,10,853.79,38420.35,COD,Mobile - iOS,06-05-2025,Medium
5176,2176,36,Male,Mumbai,Sports,Sony,73084.48,4,10,7308.45,263104.12,UPI,Mobile - Android,28-02-2025,High
5177,2177,64,Male,Bangalore,Sports,Nike,14465.53,5,20,2893.11,57862.1,Card,Mobile - iOS,22-10-2025,High
5178,2178,63,Female,Mumbai,Electronics,Sony,66378.24,1,40,26551.3,39826.94,UPI,Laptop - Mac,11-04-2025,Medium
5179,2179,53,Male,Bangalore,Electronics,Samsung,57220.06,4,20,11444.01,183104.2,COD,Mobile - Android,09-05-2025,High
5180,2180,36,Male,Delhi,Clothing,Adidas,35121.12,2,30,10536.34,49169.56,COD,Laptop - Windows,05-04-2025,Medium
5181,2181,45,Female,Chennai,Electronics,Nike,17007.97,1,25,4251.99,12755.98,Card,Laptop - Mac,24-11-2025,Low
5182,2182,64,Male,Mumbai,Beauty,Sony,4162.32,4,20,832.46,13319.44,Card,Laptop - Mac,03-06-2025,Low
5183,2183,27,Male,Pune,Sports,Puma,69738.86,5,0,0,348694.3,UPI,Mobile - Android,17-01-2025,High
5184,2184,35,Female,Bangalore,Beauty,Sony,53959.22,1,40,21583.69,32375.53,Card,Tablet - iPad,02-09-2025,Medium
5185,2185,21,Male,Delhi,Home,Samsung,14800.45,1,25,3700.11,11100.34,COD,Mobile - iOS,14-05-2025,Low
5186,2186,29,Female,Bangalore,Electronics,Zara,5337.42,5,5,266.87,25352.75,Card,Tablet - Android,17-09-2025,Medium
5187,2187,44,Male,Hyderabad,Electronics,Samsung,73590.47,1,15,11038.57,62551.9,Card,Tablet - iPad,23-02-2025,High
5188,2188,46,Male,Chennai,Clothing,Adidas,22497.99,2,20,4499.6,35996.78,UPI,Mobile - iOS,15-04-2025,Medium
5189,2189,29,Male,Delhi,Electronics,Samsung,20992.55,2,0,0,41985.1,UPI,Laptop - Mac,04-03-2025,Medium
5190,2190,28,Female,Chennai,Beauty,Nike,49785.87,5,0,0,248929.35,Card,Mobile - iOS,23-04-2025,High
5191,2191,21,Male,Chennai,Home,Samsung,41792.99,1,0,0,41792.99,Card,Laptop - Windows,07-03-2025,Medium
5192,2192,63,Female,Delhi,Beauty,Puma,20759.65,3,5,1037.98,59165.01,UPI,Tablet - iPad,13-06-2025,High
5193,2193,41,Male,Chennai,Beauty,Boat,16853.02,3,10,1685.3,45503.16,Card,Laptop - Mac,27-05-2025,Medium
5194,2194,43,Female,Delhi,Clothing,Samsung,71927.92,3,15,10789.19,183416.19,UPI,Tablet - Android,03-01-2025,High
5195,2195,45,Female,Hyderabad,Clothing,Zara,23659.81,5,25,5914.95,88724.3,COD,Tablet - Android,22-03-2025,High
5196,2196,64,Female,Delhi,Beauty,Apple,5777.85,3,20,1155.57,13866.84,COD,Mobile - Android,24-02-2025,Low
5197,2197,21,Female,Bangalore,Clothing,Zara,50009.48,5,15,7501.42,212540.3,COD,Mobile - iOS,04-01-2025,High
5198,2198,53,Female,Hyderabad,Home,Sony,68964.08,4,5,3448.2,262063.52,UPI,Tablet - iPad,26-03-2025,High
5199,2199,32,Female,Chennai,Home,Adidas,3590.57,3,10,359.06,9694.53,Card,Tablet - iPad,28-02-2025,Low
5200,2200,39,Male,Bangalore,Sports,Adidas,13001.29,4,0,0,52005.16,COD,Tablet - Android,25-06-2025,High
5201,2201,41,Male,Hyderabad,Beauty,Puma,17644.11,5,25,4411.03,66165.4,Card,Mobile - Android,30-08-2025,High
5202,2202,41,Male,Delhi,Clothing,Nike,55522,5,10,5552.2,249849,Card,Laptop - Mac,19-05-2025,High
5203,2203,54,Male,Hyderabad,Sports,Boat,23011.82,3,30,6903.55,48324.81,Card,Mobile - iOS,23-10-2025,Medium
5204,2204,22,Female,Pune,Home,Sony,69377.38,5,30,20813.21,242820.85,COD,Tablet - iPad,19-12-2025,High
5205,2205,23,Male,Delhi,Sports,Zara,18951.02,4,20,3790.2,60643.28,UPI,Tablet - iPad,24-04-2025,High
5206,2206,27,Female,Delhi,Sports,Adidas,46190.15,1,40,18476.06,27714.09,Card,Tablet - iPad,09-01-2025,Medium
5207,2207,20,Male,Bangalore,Clothing,Adidas,4390.89,1,20,878.18,3512.71,UPI,Laptop - Mac,10-09-2025,Low
5208,2208,55,Female,Pune,Clothing,Puma,62676.36,3,5,3133.82,178627.62,UPI,Mobile - iOS,31-10-2025,High
5209,2209,51,Male,Chennai,Home,Sony,79281.96,1,25,19820.49,59461.47,COD,Tablet - Android,06-05-2025,High
5210,2210,23,Male,Mumbai,Electronics,Zara,54098.43,5,0,0,270492.15,Card,Tablet - iPad,17-02-2025,High
5211,2211,27,Female,Delhi,Sports,Puma,50198.61,2,5,2509.93,95377.36,Card,Mobile - iOS,06-11-2025,High
5212,2212,33,Male,Delhi,Home,Nike,22433.67,5,10,2243.37,100951.5,Card,Tablet - Android,09-02-2025,High
5213,2213,46,Male,Pune,Home,Nike,58869.35,2,30,17660.8,82417.1,COD,Mobile - iOS,31-08-2025,High
5214,2214,20,Male,Mumbai,Home,Zara,39617.81,2,30,11885.34,55464.94,Card,Tablet - Android,06-04-2025,High
5215,2215,28,Male,Mumbai,Sports,Zara,16673.48,4,5,833.67,63359.24,COD,Tablet - Android,25-02-2025,High
5216,2216,54,Female,Delhi,Home,Sony,57342.68,3,15,8601.4,146223.84,COD,Tablet - iPad,20-01-2025,High
5217,2217,21,Female,Chennai,Beauty,Samsung,45092.86,4,30,13527.86,126260,COD,Laptop - Mac,26-07-2025,High
5218,2218,21,Female,Hyderabad,Clothing,Apple,73862.74,5,15,11079.41,313916.65,COD,Tablet - Android,21-03-2025,High
5219,2219,41,Female,Hyderabad,Clothing,Zara,36528.95,2,30,10958.68,51140.54,UPI,Laptop - Windows,18-10-2025,High
5220,2220,45,Male,Bangalore,Clothing,Sony,73812.75,4,5,3690.64,280488.44,UPI,Mobile - Android,30-12-2025,High
5221,2221,52,Female,Bangalore,Beauty,Boat,63924.19,1,30,19177.26,44746.93,UPI,Tablet - Android,10-11-2025,Medium
5222,2222,55,Female,Pune,Sports,Samsung,13720.97,5,5,686.05,65174.6,COD,Laptop - Windows,26-10-2025,High
5223,2223,41,Male,Chennai,Clothing,Adidas,46210.37,5,10,4621.04,207946.65,Card,Tablet - iPad,25-06-2025,High
5224,2224,39,Female,Hyderabad,Sports,Boat,58952.79,3,5,2947.64,168015.45,COD,Tablet - Android,21-02-2025,High
5225,2225,43,Male,Bangalore,Clothing,Boat,2909.65,5,5,145.48,13820.85,COD,Laptop - Mac,28-12-2025,Low
5226,2226,35,Male,Delhi,Sports,Adidas,9105.35,5,30,2731.6,31868.75,Card,Tablet - iPad,17-10-2025,Medium
5227,2227,20,Male,Mumbai,Sports,Zara,72480.44,3,25,18120.11,163080.99,UPI,Mobile - Android,29-11-2025,High
5228,2228,63,Male,Delhi,Sports,Puma,33072.18,2,10,3307.22,59529.92,UPI,Mobile - Android,16-07-2025,High
5229,2229,28,Male,Mumbai,Home,Nike,75190.96,1,15,11278.64,63912.32,COD,Mobile - Android,12-07-2025,High
5230,2230,26,Male,Bangalore,Clothing,Boat,22561.46,5,5,1128.07,107166.95,UPI,Tablet - Android,20-12-2025,High
5231,2231,50,Female,Chennai,Electronics,Samsung,51145.83,3,25,12786.46,115078.11,UPI,Mobile - iOS,12-01-2025,High
5232,2232,43,Female,Pune,Beauty,Zara,35167.18,5,25,8791.8,131876.9,COD,Mobile - Android,24-06-2025,High
5233,2233,53,Female,Chennai,Home,Samsung,73331.29,5,0,0,366656.45,COD,Laptop - Windows,25-08-2025,High
5234,2234,21,Female,Pune,Sports,Samsung,59210.54,5,10,5921.05,266447.45,COD,Laptop - Mac,04-12-2025,High
5235,2235,19,Female,Mumbai,Clothing,Adidas,33861.28,3,15,5079.19,86346.27,Card,Mobile - iOS,18-02-2025,High
5236,2236,25,Male,Bangalore,Electronics,Nike,60073.08,2,25,15018.27,90109.62,COD,Mobile - Android,14-07-2025,High
5237,2237,24,Male,Mumbai,Beauty,Nike,60566.49,5,40,24226.6,181699.45,COD,Laptop - Mac,06-03-2025,High
5238,2238,53,Female,Delhi,Sports,Boat,1201.35,1,5,60.07,1141.28,UPI,Laptop - Windows,30-03-2025,Low
5239,2239,51,Male,Pune,Sports,Sony,49801.26,4,20,9960.25,159364.04,COD,Laptop - Windows,26-07-2025,High
5240,2240,57,Male,Bangalore,Beauty,Adidas,4508.67,4,5,225.43,17132.96,COD,Laptop - Mac,04-11-2025,Low
5241,2241,36,Female,Delhi,Beauty,Puma,62599.91,1,15,9389.99,53209.92,UPI,Tablet - iPad,24-09-2025,High
5242,2242,46,Male,Mumbai,Electronics,Samsung,1001.59,1,0,0,1001.59,UPI,Tablet - Android,27-02-2025,Low
5243,2243,56,Male,Pune,Electronics,Nike,65574.92,5,15,9836.24,278693.4,UPI,Tablet - iPad,23-08-2025,High
5244,2244,23,Female,Chennai,Sports,Adidas,54101.47,5,25,13525.37,202880.5,UPI,Laptop - Mac,27-05-2025,High
5245,2245,27,Male,Bangalore,Clothing,Adidas,78852.32,4,0,0,315409.28,COD,Tablet - iPad,31-12-2025,High
5246,2246,58,Male,Delhi,Beauty,Puma,11841.78,1,30,3552.53,8289.25,COD,Tablet - Android,16-04-2025,Low
5247,2247,59,Male,Mumbai,Sports,Apple,36766.48,1,20,7353.3,29413.18,Card,Tablet - iPad,29-01-2025,Medium
5248,2248,22,Male,Chennai,Sports,Samsung,33702.63,3,5,1685.13,96052.5,COD,Laptop - Mac,02-04-2025,High
5249,2249,41,Female,Pune,Beauty,Puma,15100,1,25,3775,11325,Card,Laptop - Mac,22-04-2025,Low
5250,2250,58,Female,Hyderabad,Beauty,Puma,32552.56,2,10,3255.26,58594.6,COD,Tablet - iPad,30-04-2025,High
5251,2251,39,Male,Delhi,Beauty,Boat,17997.1,3,0,0,53991.3,COD,Mobile - iOS,27-04-2025,High
5252,2252,43,Male,Chennai,Clothing,Samsung,1629,1,5,81.45,1547.55,UPI,Laptop - Windows,02-12-2025,Low
5253,2253,54,Female,Hyderabad,Home,Nike,35192.74,3,10,3519.27,95020.41,COD,Mobile - iOS,02-03-2025,High
5254,2254,62,Male,Pune,Electronics,Apple,29461.7,2,40,11784.68,35354.04,Card,Mobile - Android,21-07-2025,Medium
5255,2255,46,Female,Pune,Beauty,Samsung,40962.98,2,10,4096.3,73733.36,UPI,Laptop - Windows,08-05-2025,High
5256,2256,53,Female,Pune,Clothing,Nike,34979.61,2,20,6995.92,55967.38,UPI,Mobile - Android,17-03-2025,High
5257,2257,37,Male,Delhi,Electronics,Apple,73698.78,5,25,18424.7,276370.4,UPI,Tablet - iPad,06-05-2025,High
5258,2258,35,Male,Pune,Beauty,Apple,20765.92,1,10,2076.59,18689.33,UPI,Mobile - Android,07-01-2025,Low
5259,2259,57,Female,Bangalore,Home,Adidas,69942.45,4,0,0,279769.8,COD,Tablet - Android,05-02-2025,High
5260,2260,62,Male,Pune,Electronics,Nike,11100.86,1,10,1110.09,9990.77,COD,Mobile - iOS,28-02-2025,Low
5261,2261,58,Female,Bangalore,Home,Nike,36337.21,2,5,1816.86,69040.7,Card,Laptop - Windows,11-12-2025,High
5262,2262,32,Male,Hyderabad,Home,Zara,7200.02,5,15,1080,30600.1,COD,Mobile - iOS,18-06-2025,Medium
5263,2263,32,Female,Bangalore,Clothing,Nike,51115.75,1,0,0,51115.75,Card,Tablet - Android,21-08-2025,High
5264,2264,41,Male,Mumbai,Home,Zara,71391.06,3,40,28556.42,128503.92,COD,Laptop - Windows,20-04-2025,High
5265,2265,46,Male,Pune,Electronics,Nike,49252.91,4,15,7387.94,167459.88,UPI,Laptop - Mac,19-04-2025,High
5266,2266,34,Female,Mumbai,Home,Nike,55156.65,1,5,2757.83,52398.82,Card,Mobile - iOS,10-03-2025,High
5267,2267,64,Female,Bangalore,Home,Adidas,41305.99,1,15,6195.9,35110.09,COD,Tablet - Android,08-11-2025,Medium
5268,2268,42,Male,Mumbai,Beauty,Sony,35420.97,1,30,10626.29,24794.68,Card,Laptop - Windows,23-12-2025,Medium
5269,2269,33,Female,Mumbai,Clothing,Adidas,77960.61,4,5,3898.03,296250.32,Card,Laptop - Windows,10-11-2025,High
5270,2270,34,Male,Delhi,Sports,Nike,78152.29,2,20,15630.46,125043.66,UPI,Laptop - Windows,16-03-2025,High
5271,2271,64,Female,Chennai,Electronics,Boat,53139.13,3,0,0,159417.39,UPI,Tablet - Android,29-11-2025,High
5272,2272,64,Male,Delhi,Clothing,Boat,65663.01,4,25,16415.75,196989.04,Card,Mobile - iOS,29-09-2025,High
5273,2273,38,Female,Bangalore,Electronics,Nike,69786.52,2,10,6978.65,125615.74,Card,Tablet - iPad,14-06-2025,High
5274,2274,61,Male,Bangalore,Beauty,Nike,17640.11,4,15,2646.02,59976.36,Card,Mobile - Android,26-11-2025,High
5275,2275,44,Female,Chennai,Clothing,Puma,64421.16,1,5,3221.06,61200.1,Card,Laptop - Windows,02-10-2025,High
5276,2276,22,Male,Pune,Beauty,Sony,10775.28,3,30,3232.58,22628.1,Card,Mobile - iOS,05-01-2025,Medium
5277,2277,39,Female,Hyderabad,Sports,Zara,51073.23,4,30,15321.97,143005.04,COD,Laptop - Mac,03-10-2025,High
5278,2278,50,Male,Bangalore,Clothing,Sony,74847.71,2,25,18711.93,112271.56,Card,Tablet - iPad,28-01-2025,High
5279,2279,57,Female,Mumbai,Clothing,Puma,47692.94,5,0,0,238464.7,UPI,Laptop - Windows,12-03-2025,High
5280,2280,19,Male,Bangalore,Beauty,Boat,27782.02,2,30,8334.61,38894.82,Card,Laptop - Windows,07-01-2025,Medium
5281,2281,52,Female,Pune,Electronics,Adidas,69406.78,3,0,0,208220.34,COD,Laptop - Windows,28-02-2025,High
5282,2282,60,Female,Mumbai,Beauty,Puma,35251.24,3,30,10575.37,74027.61,COD,Tablet - iPad,03-06-2025,High
5283,2283,36,Male,Mumbai,Electronics,Adidas,67053.42,5,10,6705.34,301740.4,Card,Tablet - iPad,09-03-2025,High
5284,2284,57,Male,Mumbai,Beauty,Adidas,42801.96,1,15,6420.29,36381.67,COD,Tablet - Android,18-06-2025,Medium
5285,2285,44,Female,Bangalore,Sports,Apple,12351.97,1,0,0,12351.97,UPI,Tablet - iPad,04-10-2025,Low
5286,2286,57,Female,Chennai,Home,Puma,18720.79,3,15,2808.12,47738.01,UPI,Mobile - Android,18-04-2025,Medium
5287,2287,53,Female,Bangalore,Beauty,Nike,62430.24,5,5,3121.51,296543.65,UPI,Tablet - iPad,26-08-2025,High
5288,2288,56,Male,Pune,Clothing,Puma,77782.42,3,15,11667.36,198345.18,UPI,Tablet - iPad,10-09-2025,High
5289,2289,19,Female,Delhi,Beauty,Samsung,75344.67,2,30,22603.4,105482.54,COD,Laptop - Windows,15-04-2025,High
5290,2290,58,Male,Chennai,Home,Puma,40071.49,3,25,10017.87,90160.86,Card,Tablet - iPad,26-08-2025,High
5291,2291,35,Female,Hyderabad,Home,Boat,14957.83,3,20,2991.57,35898.78,Card,Laptop - Mac,06-09-2025,Medium
5292,2292,63,Male,Pune,Sports,Sony,6212.01,1,5,310.6,5901.41,COD,Laptop - Windows,23-05-2025,Low
5293,2293,40,Female,Hyderabad,Electronics,Nike,35612.72,5,25,8903.18,133547.7,COD,Mobile - iOS,19-02-2025,High
5294,2294,43,Male,Mumbai,Beauty,Adidas,1887.03,5,5,94.35,8963.4,COD,Laptop - Mac,09-10-2025,Low
5295,2295,28,Female,Pune,Electronics,Apple,71544.03,1,0,0,71544.03,UPI,Laptop - Windows,16-12-2025,High
5296,2296,18,Female,Delhi,Sports,Sony,51374.28,2,20,10274.86,82198.84,COD,Tablet - iPad,11-09-2025,High
5297,2297,53,Female,Bangalore,Electronics,Apple,58526.67,2,30,17558,81937.34,UPI,Tablet - iPad,29-11-2025,High
5298,2298,37,Male,Mumbai,Home,Adidas,23916.35,2,15,3587.45,40657.8,Card,Laptop - Windows,18-01-2025,Medium
5299,2299,48,Female,Chennai,Beauty,Nike,52660.71,3,20,10532.14,126385.71,COD,Tablet - iPad,17-05-2025,High
5300,2300,25,Male,Hyderabad,Beauty,Boat,8188.46,5,30,2456.54,28659.6,COD,Tablet - Android,01-02-2025,Medium
5301,2301,57,Male,Mumbai,Beauty,Puma,21365.72,3,25,5341.43,48072.87,Card,Tablet - iPad,10-05-2025,Medium
5302,2302,41,Female,Mumbai,Beauty,Boat,67930.11,2,20,13586.02,108688.18,Card,Laptop - Mac,24-02-2025,High
5303,2303,37,Female,Pune,Clothing,Apple,29804.04,4,25,7451.01,89412.12,COD,Tablet - iPad,12-01-2025,High
5304,2304,32,Female,Bangalore,Beauty,Apple,15140.17,5,40,6056.07,45420.5,UPI,Tablet - Android,20-11-2025,Medium
5305,2305,47,Male,Chennai,Home,Adidas,18020.02,5,10,1802,81090.1,Card,Mobile - iOS,05-06-2025,High
5306,2306,37,Female,Pune,Clothing,Apple,51875.77,1,40,20750.31,31125.46,Card,Tablet - iPad,12-04-2025,Medium
5307,2307,55,Male,Bangalore,Beauty,Apple,46835.59,5,25,11708.9,175633.45,COD,Tablet - Android,14-05-2025,High
5308,2308,19,Male,Pune,Electronics,Samsung,8520,3,0,0,25560,COD,Laptop - Windows,29-05-2025,Medium
5309,2309,23,Male,Bangalore,Sports,Zara,69409.38,1,40,27763.75,41645.63,UPI,Laptop - Windows,04-10-2025,Medium
5310,2310,59,Male,Delhi,Electronics,Boat,72272.15,1,10,7227.22,65044.93,UPI,Mobile - iOS,14-09-2025,High
5311,2311,35,Male,Bangalore,Clothing,Boat,11153.22,2,15,1672.98,18960.48,UPI,Tablet - Android,24-07-2025,Low
5312,2312,53,Male,Delhi,Beauty,Boat,27923.13,2,20,5584.63,44677,UPI,Mobile - iOS,02-12-2025,Medium
5313,2313,31,Female,Pune,Electronics,Puma,57574.63,1,15,8636.19,48938.44,UPI,Mobile - iOS,26-11-2025,Medium
5314,2314,43,Male,Bangalore,Home,Boat,35725.22,4,0,0,142900.88,UPI,Laptop - Mac,04-12-2025,High
5315,2315,51,Female,Chennai,Home,Sony,28648.81,2,20,5729.76,45838.1,COD,Laptop - Mac,20-06-2025,Medium
5316,2316,47,Male,Delhi,Home,Sony,76019.97,4,25,19004.99,228059.92,UPI,Tablet - Android,17-09-2025,High
5317,2317,24,Female,Hyderabad,Home,Samsung,25602.45,1,25,6400.61,19201.84,COD,Laptop - Windows,28-10-2025,Low
5318,2318,47,Female,Delhi,Home,Boat,64747.34,3,5,3237.37,184529.91,UPI,Laptop - Windows,15-08-2025,High
5319,2319,35,Female,Delhi,Electronics,Nike,29161.04,5,10,2916.1,131224.7,COD,Laptop - Windows,08-12-2025,High
5320,2320,39,Female,Pune,Home,Sony,40830,5,40,16332,122490,COD,Mobile - iOS,18-04-2025,High
5321,2321,34,Female,Mumbai,Home,Puma,76807.07,1,5,3840.35,72966.72,COD,Laptop - Mac,15-02-2025,High
5322,2322,48,Male,Delhi,Home,Zara,51035.88,1,10,5103.59,45932.29,UPI,Tablet - iPad,09-08-2025,Medium
5323,2323,34,Male,Bangalore,Clothing,Nike,26652.09,3,10,2665.21,71960.64,COD,Tablet - iPad,26-10-2025,High
5324,2324,48,Female,Pune,Beauty,Boat,21890.55,3,40,8756.22,39402.99,Card,Mobile - iOS,03-05-2025,Medium
5325,2325,30,Male,Bangalore,Electronics,Adidas,39599.11,1,30,11879.73,27719.38,COD,Laptop - Windows,29-06-2025,Medium
5326,2326,44,Male,Delhi,Clothing,Nike,49424.16,3,15,7413.62,126031.62,Card,Mobile - Android,02-02-2025,High
5327,2327,37,Male,Pune,Electronics,Boat,46121.44,4,20,9224.29,147588.6,COD,Tablet - Android,18-03-2025,High
5328,2328,34,Female,Mumbai,Electronics,Puma,10344.68,5,20,2068.94,41378.7,COD,Mobile - Android,03-07-2025,Medium
5329,2329,46,Male,Mumbai,Clothing,Boat,33526.96,5,20,6705.39,134107.85,UPI,Mobile - Android,18-06-2025,High
5330,2330,56,Female,Chennai,Beauty,Zara,53908.16,2,20,10781.63,86253.06,UPI,Mobile - Android,02-08-2025,High
5331,2331,52,Male,Bangalore,Beauty,Apple,50832.02,2,10,5083.2,91497.64,UPI,Laptop - Mac,19-05-2025,High
5332,2332,25,Male,Pune,Sports,Adidas,28610.47,1,20,5722.09,22888.38,UPI,Mobile - iOS,05-11-2025,Medium
5333,2333,60,Male,Chennai,Sports,Boat,43969.47,1,30,13190.84,30778.63,Card,Tablet - Android,05-03-2025,Medium
5334,2334,55,Male,Bangalore,Home,Samsung,12190.73,4,20,2438.15,39010.32,Card,Tablet - iPad,03-10-2025,Medium
5335,2335,32,Female,Mumbai,Beauty,Nike,9206.02,5,20,1841.2,36824.1,Card,Tablet - iPad,08-08-2025,Medium
5336,2336,18,Male,Bangalore,Home,Zara,16083.62,4,40,6433.45,38600.68,Card,Tablet - iPad,09-12-2025,Medium
5337,2337,50,Male,Chennai,Electronics,Nike,23074.56,1,15,3461.18,19613.38,UPI,Laptop - Windows,08-08-2025,Low
5338,2338,20,Female,Hyderabad,Home,Puma,60078.16,3,10,6007.82,162211.02,Card,Tablet - Android,17-06-2025,High
5339,2339,56,Male,Delhi,Beauty,Nike,47741.81,5,10,4774.18,214838.15,UPI,Tablet - iPad,18-10-2025,High
5340,2340,55,Male,Mumbai,Electronics,Samsung,445.63,2,20,89.13,713,Card,Laptop - Windows,27-06-2025,Low
5341,2341,32,Female,Hyderabad,Clothing,Boat,42946.54,1,25,10736.64,32209.9,COD,Laptop - Windows,17-05-2025,Medium
5342,2342,59,Female,Mumbai,Sports,Sony,30118.35,2,5,1505.92,57224.86,Card,Mobile - Android,15-06-2025,High
5343,2343,35,Male,Delhi,Electronics,Puma,29010.39,3,20,5802.08,69624.93,Card,Laptop - Mac,26-04-2025,High
5344,2344,55,Male,Chennai,Clothing,Nike,63967.05,1,0,0,63967.05,UPI,Mobile - iOS,12-09-2025,High
5345,2345,48,Male,Mumbai,Home,Sony,40122.77,2,5,2006.14,76233.26,Card,Mobile - iOS,25-07-2025,High
5346,2346,37,Female,Mumbai,Clothing,Puma,13692.31,4,15,2053.85,46553.84,UPI,Laptop - Windows,09-11-2025,Medium
5347,2347,24,Female,Pune,Home,Sony,17704.5,4,40,7081.8,42490.8,COD,Mobile - iOS,01-01-2025,Medium
5348,2348,54,Female,Chennai,Home,Nike,25035.55,5,25,6258.89,93883.3,Card,Laptop - Windows,07-02-2025,High
5349,2349,44,Female,Hyderabad,Electronics,Zara,27177.55,1,30,8153.26,19024.29,Card,Tablet - Android,11-12-2025,Low
5350,2350,25,Female,Bangalore,Sports,Adidas,32034.57,4,15,4805.19,108917.52,Card,Mobile - iOS,17-04-2025,High
5351,2351,31,Female,Mumbai,Beauty,Samsung,70304.9,5,25,17576.22,263643.4,COD,Laptop - Windows,15-06-2025,High
5352,2352,32,Female,Chennai,Home,Samsung,26841.99,2,0,0,53683.98,COD,Mobile - iOS,25-05-2025,High
5353,2353,24,Female,Delhi,Home,Apple,45941.07,1,0,0,45941.07,UPI,Mobile - Android,31-01-2025,Medium
5354,2354,50,Male,Mumbai,Home,Sony,376.02,2,15,56.4,639.24,COD,Laptop - Mac,06-12-2025,Low
5355,2355,51,Female,Delhi,Home,Sony,14396.61,5,25,3599.15,53987.3,Card,Tablet - Android,07-10-2025,High
5356,2356,21,Male,Hyderabad,Home,Samsung,61424.62,5,15,9213.69,261054.65,UPI,Laptop - Windows,15-10-2025,High
5357,2357,18,Male,Bangalore,Electronics,Samsung,34952.61,2,10,3495.26,62914.7,Card,Laptop - Windows,22-07-2025,High
5358,2358,58,Female,Mumbai,Home,Apple,25549.57,5,25,6387.39,95810.9,UPI,Mobile - Android,25-05-2025,High
5359,2359,31,Male,Bangalore,Beauty,Zara,23609.27,2,15,3541.39,40135.76,Card,Laptop - Mac,18-10-2025,Medium
5360,2360,48,Female,Bangalore,Clothing,Sony,37337.73,1,25,9334.43,28003.3,UPI,Tablet - iPad,28-03-2025,Medium
5361,2361,55,Male,Delhi,Home,Adidas,353.59,1,30,106.08,247.51,Card,Laptop - Windows,24-11-2025,Low
5362,2362,37,Female,Mumbai,Beauty,Samsung,25179.08,2,20,5035.82,40286.52,COD,Tablet - iPad,07-03-2025,Medium
5363,2363,20,Female,Pune,Sports,Zara,76093.72,1,15,11414.06,64679.66,Card,Mobile - iOS,24-12-2025,High
5364,2364,52,Female,Mumbai,Beauty,Zara,11276.19,1,25,2819.05,8457.14,UPI,Mobile - iOS,07-05-2025,Low
5365,2365,63,Male,Pune,Sports,Nike,895.98,1,10,89.6,806.38,COD,Tablet - Android,09-04-2025,Low
5366,2366,50,Male,Pune,Clothing,Samsung,319.8,2,0,0,639.6,UPI,Mobile - Android,25-02-2025,Low
5367,2367,32,Male,Hyderabad,Home,Adidas,57090.22,2,25,14272.56,85635.32,COD,Laptop - Windows,11-01-2025,High
5368,2368,20,Male,Hyderabad,Electronics,Sony,45500.08,3,20,9100.02,109200.18,Card,Mobile - Android,02-09-2025,High
5369,2369,45,Male,Pune,Sports,Sony,79592.3,5,10,7959.23,358165.35,UPI,Mobile - iOS,10-04-2025,High
5370,2370,44,Female,Chennai,Clothing,Zara,26618.06,3,25,6654.52,59890.62,Card,Mobile - iOS,08-08-2025,High
5371,2371,64,Male,Mumbai,Clothing,Boat,12343.84,1,30,3703.15,8640.69,COD,Tablet - Android,23-06-2025,Low
5372,2372,64,Male,Hyderabad,Beauty,Boat,43537.94,1,25,10884.48,32653.46,Card,Tablet - Android,14-10-2025,Medium
5373,2373,50,Female,Hyderabad,Electronics,Sony,15038.39,3,40,6015.36,27069.09,Card,Mobile - iOS,04-11-2025,Medium
5374,2374,36,Female,Hyderabad,Clothing,Samsung,55917.22,3,0,0,167751.66,UPI,Laptop - Mac,02-05-2025,High
5375,2375,50,Male,Chennai,Clothing,Puma,13967.18,5,10,1396.72,62852.3,Card,Laptop - Windows,10-10-2025,High
5376,2376,48,Female,Delhi,Sports,Boat,28087.78,4,40,11235.11,67410.68,Card,Tablet - iPad,21-01-2025,High
5377,2377,21,Female,Pune,Sports,Sony,43025.51,4,0,0,172102.04,UPI,Tablet - Android,27-02-2025,High
5378,2378,49,Female,Mumbai,Clothing,Apple,58933.09,5,15,8839.96,250465.65,COD,Mobile - Android,03-01-2025,High
5379,2379,59,Female,Chennai,Beauty,Nike,63236.86,4,30,18971.06,177063.2,UPI,Laptop - Windows,17-10-2025,High
5380,2380,45,Male,Hyderabad,Home,Sony,28094.88,5,0,0,140474.4,COD,Tablet - Android,09-10-2025,High
5381,2381,33,Male,Delhi,Sports,Puma,40637.11,3,15,6095.57,103624.62,COD,Laptop - Windows,24-05-2025,High
5382,2382,60,Male,Mumbai,Electronics,Apple,45577.73,4,20,9115.55,145848.72,Card,Laptop - Windows,11-09-2025,High
5383,2383,45,Female,Mumbai,Sports,Boat,27010.85,3,5,1350.54,76980.93,UPI,Laptop - Mac,09-06-2025,High
5384,2384,32,Male,Chennai,Beauty,Zara,58102.86,4,40,23241.14,139446.88,COD,Laptop - Mac,07-06-2025,High
5385,2385,39,Female,Mumbai,Clothing,Apple,8200.47,4,0,0,32801.88,UPI,Tablet - iPad,27-04-2025,Medium
5386,2386,48,Female,Mumbai,Clothing,Boat,40901.63,2,20,8180.33,65442.6,COD,Mobile - Android,22-12-2025,High
5387,2387,38,Male,Mumbai,Sports,Zara,35011.67,4,0,0,140046.68,COD,Laptop - Windows,30-05-2025,High
5388,2388,49,Male,Hyderabad,Electronics,Apple,18329.55,4,0,0,73318.2,Card,Mobile - iOS,25-04-2025,High
5389,2389,24,Male,Delhi,Clothing,Nike,19196.66,5,10,1919.67,86384.95,COD,Mobile - Android,13-11-2025,High
5390,2390,50,Male,Mumbai,Beauty,Puma,29425.01,3,10,2942.5,79447.53,COD,Mobile - iOS,30-03-2025,High
5391,2391,25,Female,Mumbai,Home,Nike,68613.94,2,30,20584.18,96059.52,Card,Mobile - Android,18-08-2025,High
5392,2392,31,Male,Pune,Home,Sony,10259.6,3,0,0,30778.8,COD,Mobile - iOS,16-09-2025,Medium
5393,2393,42,Female,Bangalore,Electronics,Sony,52394.91,3,40,20957.96,94310.85,Card,Laptop - Windows,18-05-2025,High
5394,2394,49,Female,Mumbai,Electronics,Sony,34989.19,1,0,0,34989.19,COD,Mobile - iOS,30-01-2025,Medium
5395,2395,45,Male,Delhi,Electronics,Nike,52187.39,3,30,15656.22,109593.51,UPI,Tablet - iPad,30-05-2025,High
5396,2396,19,Male,Pune,Beauty,Apple,22317.7,5,20,4463.54,89270.8,COD,Mobile - iOS,29-12-2025,High
5397,2397,34,Male,Mumbai,Home,Apple,66545.26,2,5,3327.26,126436,COD,Mobile - iOS,09-05-2025,High
5398,2398,44,Male,Bangalore,Sports,Boat,8399.1,1,30,2519.73,5879.37,COD,Laptop - Mac,05-05-2025,Low
5399,2399,19,Female,Chennai,Home,Puma,63400.52,1,25,15850.13,47550.39,UPI,Mobile - Android,18-11-2025,Medium
5400,2400,25,Female,Bangalore,Home,Zara,10588.03,3,30,3176.41,22234.86,COD,Tablet - Android,07-10-2025,Medium
5401,2401,55,Female,Bangalore,Electronics,Puma,15518.66,2,15,2327.8,26381.72,Card,Mobile - Android,14-07-2025,Medium
5402,2402,37,Male,Pune,Home,Adidas,9563.54,3,0,0,28690.62,UPI,Laptop - Mac,19-07-2025,Medium
5403,2403,54,Female,Chennai,Electronics,Nike,66423.81,2,0,0,132847.62,UPI,Tablet - iPad,29-12-2025,High
5404,2404,38,Female,Pune,Sports,Boat,59595.64,5,30,17878.69,208584.75,UPI,Tablet - iPad,15-02-2025,High
5405,2405,43,Male,Chennai,Electronics,Nike,4892.31,5,15,733.85,20792.3,COD,Mobile - Android,05-02-2025,Medium
5406,2406,48,Male,Delhi,Sports,Boat,72595.48,1,40,29038.19,43557.29,Card,Mobile - iOS,27-11-2025,Medium
5407,2407,37,Male,Pune,Beauty,Apple,76594.23,2,40,30637.69,91913.08,UPI,Mobile - iOS,23-08-2025,High
5408,2408,23,Male,Delhi,Clothing,Nike,75896.13,5,10,7589.61,341532.6,COD,Tablet - iPad,28-01-2025,High
5409,2409,32,Male,Bangalore,Electronics,Apple,14399.6,3,0,0,43198.8,COD,Tablet - iPad,11-02-2025,Medium
5410,2410,18,Female,Hyderabad,Sports,Boat,52353.14,2,40,20941.26,62823.76,UPI,Tablet - Android,22-04-2025,High
5411,2411,43,Male,Bangalore,Sports,Puma,11257.3,5,25,2814.32,42214.9,Card,Laptop - Mac,27-01-2025,Medium
5412,2412,46,Male,Pune,Sports,Sony,29110.53,4,10,2911.05,104797.92,UPI,Laptop - Mac,08-11-2025,High
5413,2413,19,Male,Mumbai,Sports,Adidas,77917.69,2,0,0,155835.38,COD,Tablet - iPad,25-05-2025,High
5414,2414,39,Male,Pune,Beauty,Apple,51666.01,5,10,5166.6,232497.05,UPI,Laptop - Mac,29-06-2025,High
5415,2415,46,Male,Delhi,Home,Nike,58500.6,5,5,2925.03,277877.85,UPI,Tablet - iPad,08-04-2025,High
5416,2416,26,Male,Hyderabad,Electronics,Apple,78065.5,1,40,31226.2,46839.3,UPI,Tablet - Android,22-08-2025,Medium
5417,2417,58,Female,Chennai,Home,Puma,13849.89,5,15,2077.48,58862.05,UPI,Mobile - Android,29-04-2025,High
5418,2418,38,Male,Pune,Clothing,Adidas,46152.25,5,5,2307.61,219223.2,COD,Laptop - Windows,03-10-2025,High
5419,2419,49,Male,Pune,Home,Puma,5417.14,3,25,1354.28,12188.58,UPI,Laptop - Windows,03-08-2025,Low
5420,2420,49,Male,Chennai,Electronics,Apple,36412.16,5,5,1820.61,172957.75,Card,Mobile - Android,07-04-2025,High
5421,2421,64,Female,Chennai,Sports,Samsung,70014.86,3,25,17503.72,157533.42,COD,Laptop - Mac,07-03-2025,High
5422,2422,61,Male,Mumbai,Clothing,Adidas,1714.13,3,0,0,5142.39,UPI,Laptop - Windows,28-05-2025,Low
5423,2423,57,Male,Bangalore,Clothing,Zara,41529.53,4,10,4152.95,149506.32,UPI,Laptop - Mac,07-11-2025,High
5424,2424,43,Male,Delhi,Electronics,Samsung,67436.94,3,5,3371.85,192195.27,Card,Laptop - Mac,27-09-2025,High
5425,2425,30,Female,Delhi,Beauty,Adidas,24994.83,4,30,7498.45,69985.52,Card,Laptop - Mac,07-07-2025,High
5426,2426,20,Male,Delhi,Home,Boat,73788.27,3,15,11068.24,188160.09,UPI,Tablet - Android,09-09-2025,High
5427,2427,49,Male,Bangalore,Clothing,Zara,51771.78,2,40,20708.71,62126.14,UPI,Mobile - Android,21-11-2025,High
5428,2428,50,Male,Pune,Home,Sony,4511.59,5,25,1127.9,16918.45,COD,Tablet - Android,23-07-2025,Low
5429,2429,50,Male,Hyderabad,Sports,Zara,52347.96,3,0,0,157043.88,Card,Tablet - Android,25-11-2025,High
5430,2430,59,Male,Hyderabad,Clothing,Zara,30970.37,5,15,4645.56,131624.05,Card,Laptop - Windows,14-12-2025,High
5431,2431,59,Female,Chennai,Beauty,Zara,12166.58,4,40,4866.63,29199.8,COD,Laptop - Mac,15-09-2025,Medium
5432,2432,30,Female,Chennai,Sports,Nike,74180.18,1,20,14836.04,59344.14,UPI,Mobile - Android,03-05-2025,High
5433,2433,60,Male,Mumbai,Electronics,Apple,78199.15,4,25,19549.79,234597.44,COD,Laptop - Mac,16-05-2025,High
5434,2434,23,Female,Chennai,Beauty,Sony,61841.04,3,0,0,185523.12,UPI,Tablet - iPad,29-01-2025,High
5435,2435,21,Male,Delhi,Sports,Apple,67730.19,2,40,27092.08,81276.22,UPI,Tablet - iPad,11-05-2025,High
5436,2436,55,Female,Pune,Sports,Puma,79291.9,4,20,15858.38,253734.08,COD,Laptop - Windows,01-03-2025,High
5437,2437,23,Male,Mumbai,Sports,Zara,2386.59,5,20,477.32,9546.35,COD,Mobile - iOS,28-10-2025,Low
5438,2438,20,Female,Chennai,Sports,Puma,9159.31,4,5,457.97,34805.36,UPI,Tablet - iPad,05-12-2025,Medium
5439,2439,44,Male,Bangalore,Clothing,Samsung,74563.21,2,30,22368.96,104388.5,UPI,Mobile - iOS,25-01-2025,High
5440,2440,57,Female,Bangalore,Clothing,Samsung,47019.68,4,40,18807.87,112847.24,UPI,Laptop - Windows,21-02-2025,High
5441,2441,37,Female,Chennai,Home,Boat,33861.82,4,40,13544.73,81268.36,Card,Laptop - Mac,13-04-2025,High
5442,2442,35,Female,Mumbai,Sports,Zara,12450.78,3,15,1867.62,31749.48,UPI,Mobile - Android,19-10-2025,Medium
5443,2443,37,Male,Mumbai,Clothing,Zara,2910.98,4,10,291.1,10479.52,UPI,Mobile - iOS,12-02-2025,Low
5444,2444,47,Male,Chennai,Sports,Adidas,61195.55,3,30,18358.66,128510.67,Card,Mobile - iOS,21-03-2025,High
5445,2445,27,Male,Bangalore,Sports,Boat,2266.42,2,15,339.96,3852.92,Card,Tablet - Android,25-04-2025,Low
5446,2446,40,Female,Chennai,Electronics,Samsung,35006.96,4,10,3500.7,126025.04,COD,Mobile - iOS,04-07-2025,High
5447,2447,64,Male,Hyderabad,Home,Sony,4410.28,4,30,1323.08,12348.8,COD,Tablet - iPad,02-07-2025,Low
5448,2448,20,Female,Hyderabad,Sports,Boat,59605.61,1,30,17881.68,41723.93,Card,Mobile - Android,03-08-2025,Medium
5449,2449,26,Male,Delhi,Home,Samsung,42534.14,2,40,17013.66,51040.96,COD,Laptop - Mac,20-02-2025,High
5450,2450,36,Male,Hyderabad,Home,Sony,20261.19,3,15,3039.18,51666.03,UPI,Tablet - iPad,16-06-2025,High
5451,2451,53,Female,Bangalore,Home,Sony,19657.27,4,30,5897.18,55040.36,UPI,Mobile - iOS,13-02-2025,High
5452,2452,57,Male,Delhi,Home,Apple,46891.16,3,30,14067.35,98471.43,COD,Laptop - Mac,12-08-2025,High
5453,2453,44,Male,Mumbai,Clothing,Zara,9888.3,4,10,988.83,35597.88,Card,Mobile - iOS,26-12-2025,Medium
5454,2454,59,Female,Delhi,Home,Nike,50845.55,5,5,2542.28,241516.35,UPI,Laptop - Mac,14-07-2025,High
5455,2455,45,Female,Delhi,Electronics,Adidas,75085.33,2,20,15017.07,120136.52,Card,Tablet - iPad,04-07-2025,High
5456,2456,60,Male,Hyderabad,Clothing,Nike,37069.48,5,15,5560.42,157545.3,Card,Mobile - Android,20-09-2025,High
5457,2457,25,Male,Bangalore,Sports,Boat,56310.68,1,5,2815.53,53495.15,UPI,Laptop - Mac,17-07-2025,High
5458,2458,59,Female,Chennai,Home,Puma,22283.91,4,20,4456.78,71308.52,UPI,Mobile - Android,29-07-2025,High
5459,2459,25,Male,Pune,Electronics,Adidas,42168.54,1,0,0,42168.54,COD,Laptop - Mac,21-01-2025,Medium
5460,2460,35,Female,Mumbai,Electronics,Samsung,42005.49,4,20,8401.1,134417.56,Card,Laptop - Mac,10-04-2025,High
5461,2461,38,Female,Bangalore,Electronics,Sony,31139.25,3,0,0,93417.75,UPI,Laptop - Mac,02-10-2025,High
5462,2462,63,Male,Chennai,Sports,Sony,15723.74,5,10,1572.37,70756.85,Card,Laptop - Windows,13-12-2025,High
5463,2463,30,Male,Delhi,Home,Zara,51065.07,2,0,0,102130.14,COD,Tablet - iPad,22-04-2025,High
5464,2464,44,Male,Hyderabad,Sports,Sony,76279.75,1,40,30511.9,45767.85,COD,Tablet - Android,17-09-2025,Medium
5465,2465,64,Female,Delhi,Home,Sony,36179.02,1,15,5426.85,30752.17,COD,Laptop - Mac,19-03-2025,Medium
5466,2466,57,Male,Delhi,Beauty,Adidas,9209.96,3,5,460.5,26248.38,COD,Mobile - Android,19-01-2025,Medium
5467,2467,33,Female,Hyderabad,Beauty,Nike,28388.85,2,25,7097.21,42583.28,COD,Tablet - iPad,30-04-2025,Medium
5468,2468,57,Male,Chennai,Sports,Sony,54807.92,4,20,10961.58,175385.36,COD,Laptop - Windows,27-09-2025,High
5469,2469,26,Male,Delhi,Sports,Puma,39508.5,4,15,5926.28,134328.88,Card,Tablet - Android,28-11-2025,High
5470,2470,44,Female,Chennai,Home,Adidas,24629.2,2,30,7388.76,34480.88,Card,Tablet - Android,20-04-2025,Medium
5471,2471,34,Female,Chennai,Clothing,Apple,68453.81,3,10,6845.38,184825.29,COD,Tablet - iPad,17-11-2025,High
5472,2472,20,Female,Hyderabad,Home,Sony,49336.28,3,30,14800.88,103606.2,UPI,Laptop - Windows,03-04-2025,High
5473,2473,21,Male,Chennai,Sports,Adidas,70784.58,5,30,21235.37,247746.05,COD,Mobile - iOS,16-04-2025,High
5474,2474,57,Male,Pune,Home,Nike,77860.19,2,25,19465.05,116790.28,Card,Mobile - Android,29-08-2025,High
5475,2475,18,Female,Mumbai,Home,Adidas,48642.82,2,10,4864.28,87557.08,COD,Tablet - iPad,20-11-2025,High
5476,2476,31,Male,Delhi,Beauty,Nike,15663.39,5,30,4699.02,54821.85,UPI,Tablet - Android,31-05-2025,High
5477,2477,25,Male,Mumbai,Home,Samsung,46394.67,5,0,0,231973.35,COD,Laptop - Mac,16-09-2025,High
5478,2478,24,Male,Mumbai,Clothing,Puma,9484.47,4,25,2371.12,28453.4,COD,Laptop - Mac,10-03-2025,Medium
5479,2479,47,Male,Pune,Clothing,Adidas,62803.41,1,25,15700.85,47102.56,UPI,Tablet - iPad,22-05-2025,Medium
5480,2480,42,Male,Mumbai,Home,Adidas,7937.18,5,15,1190.58,33733,COD,Tablet - Android,20-06-2025,Medium
5481,2481,56,Male,Bangalore,Electronics,Apple,38392.36,4,40,15356.94,92141.68,UPI,Tablet - Android,26-04-2025,High
5482,2482,33,Male,Pune,Clothing,Boat,57480.07,3,30,17244.02,120708.15,Card,Mobile - Android,07-08-2025,High
5483,2483,28,Female,Hyderabad,Clothing,Nike,73903.11,3,15,11085.47,188452.92,Card,Mobile - Android,12-12-2025,High
5484,2484,42,Male,Hyderabad,Clothing,Zara,71679.72,1,0,0,71679.72,COD,Mobile - iOS,22-07-2025,High
5485,2485,50,Male,Delhi,Home,Apple,5548.98,1,15,832.35,4716.63,Card,Mobile - Android,09-02-2025,Low
5486,2486,38,Female,Bangalore,Beauty,Boat,79061.24,2,10,7906.12,142310.24,Card,Laptop - Mac,21-10-2025,High
5487,2487,27,Male,Pune,Clothing,Boat,35835.62,4,15,5375.34,121841.12,Card,Laptop - Mac,16-05-2025,High
5488,2488,26,Male,Bangalore,Sports,Boat,16851.57,3,25,4212.89,37916.04,Card,Tablet - Android,28-03-2025,Medium
5489,2489,18,Female,Chennai,Home,Samsung,78186.85,4,25,19546.71,234560.56,COD,Mobile - Android,04-05-2025,High
5490,2490,51,Male,Pune,Sports,Puma,69249.47,4,5,3462.47,263148,Card,Laptop - Windows,26-08-2025,High
5491,2491,48,Female,Hyderabad,Clothing,Nike,51292.34,5,5,2564.62,243638.6,UPI,Tablet - iPad,25-07-2025,High
5492,2492,38,Male,Mumbai,Sports,Zara,48962.51,3,20,9792.5,117510.03,Card,Laptop - Windows,17-05-2025,High
5493,2493,41,Female,Bangalore,Clothing,Samsung,32384.5,4,10,3238.45,116584.2,COD,Mobile - Android,04-07-2025,High
5494,2494,36,Male,Delhi,Electronics,Puma,2149.73,3,0,0,6449.19,Card,Laptop - Mac,18-09-2025,Low
5495,2495,38,Female,Bangalore,Home,Sony,46698.47,4,15,7004.77,158774.8,COD,Tablet - iPad,28-11-2025,High
5496,2496,42,Female,Pune,Sports,Sony,37877.27,4,25,9469.32,113631.8,Card,Tablet - Android,29-10-2025,High
5497,2497,37,Male,Hyderabad,Home,Adidas,72671.23,3,30,21801.37,152609.58,Card,Laptop - Mac,03-01-2025,High
5498,2498,43,Male,Chennai,Electronics,Samsung,42499.55,1,10,4249.96,38249.59,COD,Tablet - Android,31-10-2025,Medium
5499,2499,24,Female,Delhi,Sports,Apple,59722.73,3,0,0,179168.19,Card,Tablet - iPad,20-06-2025,High
5500,2500,20,Female,Delhi,Home,Puma,76977.79,2,5,3848.89,146257.8,Card,Laptop - Mac,23-08-2025,High
5501,2501,57,Female,Delhi,Home,Apple,7598.81,1,10,759.88,6838.93,UPI,Tablet - iPad,21-02-2025,Low
5502,2502,25,Male,Bangalore,Home,Sony,41295.39,5,20,8259.08,165181.55,Card,Tablet - iPad,19-03-2025,High
5503,2503,47,Male,Chennai,Beauty,Apple,71454.11,2,20,14290.82,114326.58,COD,Laptop - Windows,08-11-2025,High
5504,2504,28,Female,Bangalore,Electronics,Apple,71097.21,3,40,28438.88,127974.99,COD,Tablet - Android,01-01-2025,High
5505,2505,25,Female,Pune,Clothing,Boat,25198.04,2,0,0,50396.08,UPI,Tablet - iPad,13-12-2025,High
5506,2506,54,Female,Mumbai,Home,Sony,49939.68,3,10,4993.97,134837.13,UPI,Tablet - iPad,27-07-2025,High
5507,2507,34,Female,Delhi,Clothing,Adidas,52242.96,5,40,20897.18,156728.9,Card,Tablet - Android,11-12-2025,High
5508,2508,25,Male,Delhi,Sports,Puma,63739.65,2,20,12747.93,101983.44,Card,Tablet - iPad,03-10-2025,High
5509,2509,64,Female,Mumbai,Clothing,Adidas,58370.07,2,20,11674.01,93392.12,Card,Tablet - iPad,25-06-2025,High
5510,2510,61,Male,Hyderabad,Home,Nike,56684.5,1,20,11336.9,45347.6,UPI,Mobile - Android,13-08-2025,Medium
5511,2511,47,Female,Bangalore,Sports,Samsung,56597.34,1,25,14149.34,42448,Card,Laptop - Mac,10-03-2025,Medium
5512,2512,60,Female,Delhi,Home,Samsung,30442.01,2,10,3044.2,54795.62,UPI,Mobile - Android,01-03-2025,High
5513,2513,60,Male,Chennai,Sports,Zara,45566.47,2,25,11391.62,68349.7,COD,Laptop - Windows,13-07-2025,High
5514,2514,33,Male,Chennai,Beauty,Boat,63118.37,5,20,12623.67,252473.5,UPI,Laptop - Windows,22-07-2025,High
5515,2515,21,Female,Pune,Home,Nike,20128.05,3,30,6038.42,42268.89,Card,Tablet - Android,04-12-2025,Medium
5516,2516,38,Male,Bangalore,Clothing,Samsung,27928.06,4,20,5585.61,89369.8,Card,Mobile - Android,05-03-2025,High
5517,2517,51,Male,Delhi,Sports,Sony,44502.44,5,40,17800.98,133507.3,UPI,Tablet - iPad,18-05-2025,High
5518,2518,57,Female,Mumbai,Clothing,Sony,19466.24,5,30,5839.87,68131.85,Card,Tablet - iPad,29-09-2025,High
5519,2519,52,Female,Chennai,Home,Boat,36760.33,1,40,14704.13,22056.2,COD,Laptop - Windows,13-02-2025,Medium
5520,2520,30,Male,Chennai,Clothing,Apple,41183.35,2,40,16473.34,49420.02,UPI,Mobile - Android,14-02-2025,Medium
5521,2521,60,Male,Chennai,Home,Puma,13509.98,3,40,5403.99,24317.97,COD,Tablet - Android,19-11-2025,Medium
5522,2522,44,Male,Pune,Electronics,Apple,19267.09,2,10,1926.71,34680.76,UPI,Mobile - iOS,28-06-2025,Medium
5523,2523,25,Female,Pune,Electronics,Nike,13125.06,3,30,3937.52,27562.62,UPI,Laptop - Windows,04-07-2025,Medium
5524,2524,58,Male,Bangalore,Beauty,Samsung,58456.18,2,25,14614.04,87684.28,UPI,Mobile - Android,20-04-2025,High
5525,2525,59,Female,Delhi,Electronics,Adidas,7320.42,5,40,2928.17,21961.25,UPI,Mobile - iOS,11-02-2025,Medium
5526,2526,46,Female,Delhi,Electronics,Boat,19682.49,1,15,2952.37,16730.12,UPI,Laptop - Mac,23-02-2025,Low
5527,2527,33,Female,Pune,Home,Apple,57681.7,4,40,23072.68,138436.08,COD,Laptop - Mac,25-03-2025,High
5528,2528,60,Male,Mumbai,Home,Adidas,73421.41,5,15,11013.21,312041,Card,Mobile - Android,14-12-2025,High
5529,2529,63,Male,Delhi,Home,Boat,20244.55,2,0,0,40489.1,UPI,Tablet - Android,10-04-2025,Medium
5530,2530,22,Male,Mumbai,Home,Samsung,71649.31,2,5,3582.47,136133.68,Card,Tablet - iPad,24-03-2025,High
5531,2531,54,Male,Mumbai,Clothing,Zara,27170.88,5,40,10868.35,81512.65,UPI,Mobile - iOS,19-04-2025,High
5532,2532,57,Female,Chennai,Clothing,Samsung,67930.1,4,30,20379.03,190204.28,Card,Laptop - Mac,29-03-2025,High
5533,2533,57,Male,Delhi,Sports,Boat,41003.3,4,15,6150.5,139411.2,Card,Mobile - Android,20-09-2025,High
5534,2534,59,Male,Mumbai,Beauty,Sony,45895.34,3,20,9179.07,110148.81,COD,Tablet - Android,30-03-2025,High
5535,2535,27,Male,Bangalore,Home,Sony,37547.43,3,20,7509.49,90113.82,Card,Mobile - Android,10-04-2025,High
5536,2536,32,Male,Delhi,Sports,Adidas,60534.4,1,10,6053.44,54480.96,Card,Mobile - Android,09-12-2025,High
5537,2537,38,Female,Delhi,Beauty,Samsung,31211.04,1,20,6242.21,24968.83,COD,Tablet - iPad,03-11-2025,Medium
5538,2538,51,Female,Hyderabad,Home,Adidas,51777.31,5,40,20710.92,155331.95,UPI,Laptop - Mac,09-11-2025,High
5539,2539,39,Female,Delhi,Home,Nike,47979.22,5,15,7196.88,203911.7,Card,Mobile - Android,29-12-2025,High
5540,2540,39,Male,Pune,Clothing,Zara,20124.8,1,10,2012.48,18112.32,COD,Tablet - iPad,30-08-2025,Low
5541,2541,26,Female,Chennai,Electronics,Adidas,62696.09,5,10,6269.61,282132.4,COD,Mobile - Android,29-01-2025,High
5542,2542,43,Female,Pune,Sports,Boat,39103.75,3,40,15641.5,70386.75,Card,Mobile - iOS,24-11-2025,High
5543,2543,30,Female,Mumbai,Sports,Boat,36280.33,3,0,0,108840.99,COD,Tablet - Android,20-08-2025,High
5544,2544,35,Female,Chennai,Electronics,Adidas,46333.88,3,40,18533.55,83400.99,Card,Laptop - Mac,16-01-2025,High
5545,2545,18,Male,Delhi,Clothing,Nike,68813.54,2,30,20644.06,96338.96,COD,Tablet - Android,28-03-2025,High
5546,2546,40,Female,Delhi,Clothing,Boat,23829.65,3,15,3574.45,60765.6,Card,Laptop - Windows,28-11-2025,High
5547,2547,50,Female,Bangalore,Beauty,Adidas,26372.46,4,0,0,105489.84,Card,Mobile - iOS,23-08-2025,High
5548,2548,64,Male,Bangalore,Electronics,Samsung,29860.82,4,5,1493.04,113471.12,COD,Laptop - Mac,29-09-2025,High
5549,2549,48,Female,Delhi,Sports,Nike,15185.24,5,0,0,75926.2,UPI,Laptop - Mac,19-06-2025,High
5550,2550,38,Female,Hyderabad,Home,Apple,62056.91,4,0,0,248227.64,UPI,Mobile - iOS,04-03-2025,High
5551,2551,40,Female,Chennai,Clothing,Sony,37868.66,3,5,1893.43,107925.69,UPI,Tablet - iPad,25-12-2025,High
5552,2552,33,Female,Mumbai,Clothing,Adidas,7759.43,2,5,387.97,14742.92,Card,Laptop - Windows,08-02-2025,Low
5553,2553,44,Male,Chennai,Beauty,Apple,55684.96,2,15,8352.74,94664.44,UPI,Laptop - Mac,25-06-2025,High
5554,2554,54,Male,Pune,Beauty,Sony,10334.93,2,10,1033.49,18602.88,Card,Laptop - Mac,21-11-2025,Low
5555,2555,55,Female,Chennai,Sports,Adidas,54165.51,2,10,5416.55,97497.92,COD,Tablet - iPad,30-08-2025,High
5556,2556,31,Male,Bangalore,Electronics,Samsung,30909.43,4,5,1545.47,117455.84,Card,Tablet - Android,17-06-2025,High
5557,2557,54,Male,Bangalore,Electronics,Sony,49166.87,3,5,2458.34,140125.59,COD,Mobile - iOS,02-09-2025,High
5558,2558,64,Male,Mumbai,Clothing,Sony,18756.45,4,10,1875.65,67523.2,COD,Laptop - Mac,22-06-2025,High
5559,2559,24,Male,Pune,Electronics,Samsung,49335.95,2,30,14800.78,69070.34,UPI,Mobile - Android,30-09-2025,High
5560,2560,29,Female,Mumbai,Clothing,Boat,7551.68,1,25,1887.92,5663.76,UPI,Laptop - Mac,23-03-2025,Low
5561,2561,45,Female,Pune,Clothing,Adidas,77005.95,3,5,3850.3,219466.95,COD,Laptop - Mac,26-09-2025,High
5562,2562,20,Female,Pune,Clothing,Sony,68872.47,4,25,17218.12,206617.4,UPI,Tablet - Android,18-03-2025,High
5563,2563,39,Male,Pune,Beauty,Nike,21187.17,2,20,4237.43,33899.48,COD,Tablet - iPad,19-05-2025,Medium
5564,2564,38,Female,Delhi,Clothing,Zara,23863.57,1,0,0,23863.57,COD,Tablet - Android,13-09-2025,Medium
5565,2565,46,Male,Pune,Beauty,Zara,73982.14,2,20,14796.43,118371.42,COD,Mobile - Android,18-03-2025,High
5566,2566,37,Female,Delhi,Home,Sony,18247.22,5,15,2737.08,77550.7,Card,Mobile - Android,19-08-2025,High
5567,2567,20,Male,Pune,Clothing,Boat,41426.16,2,15,6213.92,70424.48,COD,Tablet - Android,15-03-2025,High
5568,2568,44,Male,Hyderabad,Sports,Samsung,47210.51,5,30,14163.15,165236.8,Card,Laptop - Mac,10-12-2025,High
5569,2569,38,Female,Bangalore,Clothing,Adidas,20276.28,2,15,3041.44,34469.68,UPI,Laptop - Mac,20-10-2025,Medium
5570,2570,58,Male,Hyderabad,Clothing,Adidas,46485.65,5,20,9297.13,185942.6,UPI,Tablet - iPad,19-03-2025,High
5571,2571,50,Female,Chennai,Electronics,Puma,53822.9,1,5,2691.15,51131.75,COD,Tablet - iPad,20-11-2025,High
5572,2572,47,Female,Pune,Clothing,Adidas,69748.88,1,40,27899.55,41849.33,COD,Laptop - Windows,05-03-2025,Medium
5573,2573,56,Female,Delhi,Home,Zara,47571.03,5,25,11892.76,178391.35,Card,Tablet - iPad,05-12-2025,High
5574,2574,58,Male,Mumbai,Beauty,Boat,72044.63,5,0,0,360223.15,Card,Tablet - Android,05-02-2025,High
5575,2575,26,Male,Chennai,Sports,Nike,45098.78,5,5,2254.94,214219.2,COD,Tablet - Android,02-11-2025,High
5576,2576,55,Male,Delhi,Beauty,Apple,51148.95,3,40,20459.58,92068.11,UPI,Laptop - Windows,29-12-2025,High
5577,2577,40,Male,Pune,Electronics,Zara,76651.46,5,20,15330.29,306605.85,Card,Tablet - iPad,07-03-2025,High
5578,2578,40,Female,Hyderabad,Sports,Nike,65461.77,1,5,3273.09,62188.68,COD,Mobile - Android,02-09-2025,High
5579,2579,18,Male,Delhi,Beauty,Adidas,78183.65,1,15,11727.55,66456.1,UPI,Laptop - Mac,10-11-2025,High
5580,2580,38,Male,Hyderabad,Clothing,Apple,44775.81,5,10,4477.58,201491.15,Card,Mobile - Android,08-01-2025,High
5581,2581,49,Male,Delhi,Sports,Nike,19863.52,3,30,5959.06,41713.38,Card,Mobile - Android,29-06-2025,Medium
5582,2582,62,Female,Mumbai,Electronics,Sony,70270.5,4,10,7027.05,252973.8,Card,Tablet - Android,21-12-2025,High
5583,2583,43,Female,Pune,Electronics,Boat,54185.78,5,15,8127.87,230289.55,COD,Mobile - iOS,04-03-2025,High
5584,2584,50,Male,Bangalore,Beauty,Puma,76242.21,5,30,22872.66,266847.75,UPI,Tablet - iPad,23-10-2025,High
5585,2585,26,Male,Bangalore,Home,Apple,26244.74,3,10,2624.47,70860.81,Card,Tablet - Android,09-01-2025,High
5586,2586,34,Male,Chennai,Home,Adidas,59288.77,5,40,23715.51,177866.3,Card,Mobile - Android,30-07-2025,High
5587,2587,23,Female,Pune,Sports,Apple,33841.7,1,20,6768.34,27073.36,COD,Mobile - iOS,01-01-2025,Medium
5588,2588,63,Female,Pune,Electronics,Zara,14322.97,1,20,2864.59,11458.38,Card,Laptop - Windows,16-12-2025,Low
5589,2589,24,Male,Delhi,Electronics,Puma,17018.19,5,40,6807.28,51054.55,UPI,Tablet - iPad,12-11-2025,High
5590,2590,24,Female,Hyderabad,Electronics,Boat,20221.78,1,15,3033.27,17188.51,COD,Laptop - Windows,31-12-2025,Low
5591,2591,54,Female,Pune,Beauty,Samsung,40618.7,3,40,16247.48,73113.66,UPI,Laptop - Mac,21-09-2025,High
5592,2592,22,Female,Hyderabad,Electronics,Puma,61882.15,4,15,9282.32,210399.32,UPI,Mobile - iOS,23-06-2025,High
5593,2593,50,Male,Bangalore,Clothing,Nike,74882.78,5,15,11232.42,318251.8,UPI,Mobile - iOS,15-02-2025,High
5594,2594,27,Male,Chennai,Sports,Adidas,8429.38,5,40,3371.75,25288.15,COD,Mobile - Android,20-08-2025,Medium
5595,2595,34,Female,Chennai,Clothing,Apple,65247.83,4,5,3262.39,247941.76,COD,Mobile - iOS,12-01-2025,High
5596,2596,57,Female,Bangalore,Beauty,Zara,24921.19,5,10,2492.12,112145.35,UPI,Laptop - Mac,13-05-2025,High
5597,2597,45,Male,Pune,Electronics,Apple,31814.03,3,0,0,95442.09,Card,Mobile - iOS,19-06-2025,High
5598,2598,64,Female,Delhi,Clothing,Zara,44694.23,5,15,6704.13,189950.5,COD,Mobile - Android,27-03-2025,High
5599,2599,63,Male,Pune,Electronics,Apple,58808.29,3,30,17642.49,123497.4,UPI,Mobile - iOS,18-08-2025,High
5600,2600,39,Female,Mumbai,Beauty,Nike,14391.34,3,30,4317.4,30221.82,Card,Laptop - Mac,01-10-2025,Medium
5601,2601,38,Male,Hyderabad,Sports,Apple,25921.48,4,5,1296.07,98501.64,UPI,Tablet - iPad,21-03-2025,High
5602,2602,64,Female,Delhi,Electronics,Zara,35719.27,4,40,14287.71,85726.24,COD,Laptop - Windows,19-07-2025,High
5603,2603,49,Male,Chennai,Beauty,Samsung,45608.12,2,25,11402.03,68412.18,COD,Mobile - Android,29-04-2025,High
5604,2604,49,Male,Delhi,Sports,Zara,65821.22,2,0,0,131642.44,UPI,Mobile - Android,15-07-2025,High
5605,2605,53,Female,Delhi,Beauty,Puma,40342.07,3,10,4034.21,108923.58,COD,Mobile - iOS,09-10-2025,High
5606,2606,48,Male,Delhi,Electronics,Puma,16116.66,3,25,4029.16,36262.5,COD,Tablet - iPad,21-08-2025,Medium
5607,2607,23,Female,Delhi,Home,Adidas,24938.39,1,10,2493.84,22444.55,Card,Mobile - Android,27-11-2025,Medium
5608,2608,38,Female,Mumbai,Beauty,Apple,51696.78,3,5,2584.84,147335.82,UPI,Tablet - Android,21-11-2025,High
5609,2609,52,Female,Chennai,Electronics,Zara,21672.59,4,10,2167.26,78021.32,UPI,Tablet - Android,10-06-2025,High
5610,2610,31,Male,Delhi,Beauty,Samsung,17583.93,4,15,2637.59,59785.36,Card,Tablet - iPad,19-12-2025,High
5611,2611,40,Female,Bangalore,Home,Sony,23362.83,2,0,0,46725.66,Card,Laptop - Windows,04-10-2025,Medium
5612,2612,59,Male,Bangalore,Clothing,Sony,34162.86,2,5,1708.14,64909.44,Card,Mobile - Android,01-11-2025,High
5613,2613,41,Male,Hyderabad,Sports,Zara,24420.03,4,25,6105.01,73260.08,COD,Mobile - Android,30-03-2025,High
5614,2614,47,Male,Pune,Sports,Adidas,59091.14,1,5,2954.56,56136.58,COD,Tablet - iPad,04-02-2025,High
5615,2615,27,Male,Hyderabad,Sports,Zara,64531.71,5,30,19359.51,225861,COD,Laptop - Mac,30-01-2025,High
5616,2616,22,Female,Bangalore,Home,Zara,3473.88,3,15,521.08,8858.4,COD,Mobile - iOS,12-04-2025,Low
5617,2617,59,Male,Mumbai,Sports,Boat,36816.36,1,30,11044.91,25771.45,COD,Mobile - iOS,13-06-2025,Medium
5618,2618,47,Male,Chennai,Electronics,Apple,21883.35,1,40,8753.34,13130.01,Card,Mobile - Android,24-07-2025,Low
5619,2619,24,Male,Pune,Electronics,Nike,31277.03,5,40,12510.81,93831.1,COD,Tablet - iPad,09-01-2025,High
5620,2620,23,Female,Mumbai,Home,Nike,15031.35,4,25,3757.84,45094.04,Card,Laptop - Windows,11-03-2025,Medium
5621,2621,25,Male,Mumbai,Clothing,Puma,5453.38,1,10,545.34,4908.04,Card,Laptop - Mac,18-01-2025,Low
5622,2622,43,Female,Pune,Sports,Apple,51082.63,2,25,12770.66,76623.94,Card,Laptop - Mac,03-12-2025,High
5623,2623,35,Female,Bangalore,Home,Nike,76987.19,2,25,19246.8,115480.78,UPI,Mobile - iOS,30-04-2025,High
5624,2624,53,Male,Chennai,Sports,Adidas,58817.98,4,10,5881.8,211744.72,COD,Mobile - Android,13-05-2025,High
5625,2625,43,Male,Chennai,Clothing,Nike,78356.4,3,20,15671.28,188055.36,UPI,Tablet - iPad,26-07-2025,High
5626,2626,53,Male,Delhi,Home,Samsung,77226.71,3,40,30890.68,139008.09,COD,Tablet - Android,30-11-2025,High
5627,2627,58,Male,Chennai,Beauty,Sony,28356.69,3,10,2835.67,76563.06,Card,Mobile - iOS,10-02-2025,High
5628,2628,21,Female,Hyderabad,Electronics,Zara,59088.18,1,15,8863.23,50224.95,Card,Mobile - iOS,11-03-2025,High
5629,2629,30,Male,Bangalore,Electronics,Adidas,65132.78,4,10,6513.28,234478,Card,Tablet - Android,06-07-2025,High
5630,2630,41,Female,Mumbai,Beauty,Apple,37610.32,2,5,1880.52,71459.6,COD,Tablet - Android,23-06-2025,High
5631,2631,48,Female,Bangalore,Electronics,Nike,25788.36,2,25,6447.09,38682.54,UPI,Laptop - Mac,14-04-2025,Medium
5632,2632,39,Female,Bangalore,Home,Sony,74695.49,1,5,3734.77,70960.72,COD,Laptop - Mac,24-05-2025,High
5633,2633,57,Female,Chennai,Home,Apple,3927.15,3,15,589.07,10014.24,Card,Laptop - Windows,26-07-2025,Low
5634,2634,35,Female,Hyderabad,Sports,Boat,31827.21,4,25,7956.8,95481.64,Card,Laptop - Windows,06-08-2025,High
5635,2635,51,Female,Bangalore,Sports,Sony,78186.4,2,5,3909.32,148554.16,Card,Laptop - Windows,05-04-2025,High
5636,2636,40,Male,Mumbai,Electronics,Boat,10643.27,5,30,3192.98,37251.45,COD,Laptop - Windows,22-02-2025,Medium
5637,2637,56,Male,Delhi,Electronics,Apple,3816.29,4,20,763.26,12212.12,Card,Tablet - iPad,09-10-2025,Low
5638,2638,64,Female,Hyderabad,Electronics,Apple,27359.54,4,20,5471.91,87550.52,COD,Tablet - Android,22-08-2025,High
5639,2639,54,Male,Chennai,Home,Boat,6395.28,3,30,1918.58,13430.1,COD,Mobile - Android,09-04-2025,Low
5640,2640,64,Male,Pune,Clothing,Sony,47042.84,4,30,14112.85,131719.96,COD,Mobile - iOS,02-07-2025,High
5641,2641,18,Male,Chennai,Beauty,Adidas,49386.66,2,15,7408,83957.32,COD,Laptop - Windows,25-11-2025,High
5642,2642,59,Male,Pune,Home,Nike,65228.47,1,40,26091.39,39137.08,UPI,Tablet - Android,22-11-2025,Medium
5643,2643,37,Male,Bangalore,Clothing,Nike,79648.23,4,40,31859.29,191155.76,UPI,Mobile - iOS,13-08-2025,High
5644,2644,64,Male,Bangalore,Clothing,Zara,2457.47,4,5,122.87,9338.4,COD,Tablet - Android,18-10-2025,Low
5645,2645,42,Female,Bangalore,Electronics,Apple,47717.26,3,5,2385.86,135994.2,UPI,Tablet - Android,07-05-2025,High
5646,2646,23,Female,Hyderabad,Sports,Samsung,66286.92,2,10,6628.69,119316.46,Card,Mobile - iOS,15-09-2025,High
5647,2647,47,Male,Bangalore,Clothing,Apple,54571.11,5,25,13642.78,204641.65,COD,Laptop - Windows,13-06-2025,High
5648,2648,37,Female,Bangalore,Sports,Sony,12356.97,1,15,1853.55,10503.42,UPI,Mobile - Android,11-10-2025,Low
5649,2649,26,Female,Pune,Electronics,Boat,49235.71,1,10,4923.57,44312.14,Card,Tablet - Android,13-10-2025,Medium
5650,2650,35,Male,Chennai,Electronics,Adidas,14993.96,1,30,4498.19,10495.77,COD,Tablet - iPad,12-07-2025,Low
5651,2651,57,Male,Pune,Home,Adidas,73543.26,4,5,3677.16,279464.4,UPI,Tablet - Android,15-07-2025,High
5652,2652,20,Female,Chennai,Sports,Apple,77722.97,1,40,31089.19,46633.78,Card,Tablet - iPad,15-01-2025,Medium
5653,2653,53,Female,Hyderabad,Sports,Nike,52461.43,5,30,15738.43,183615,COD,Laptop - Mac,28-12-2025,High
5654,2654,23,Male,Hyderabad,Sports,Zara,44074.99,3,25,11018.75,99168.72,COD,Laptop - Mac,15-12-2025,High
5655,2655,61,Female,Delhi,Electronics,Zara,10892.23,1,30,3267.67,7624.56,Card,Tablet - Android,12-07-2025,Low
5656,2656,55,Female,Bangalore,Beauty,Zara,62541.3,1,20,12508.26,50033.04,UPI,Mobile - iOS,18-06-2025,High
5657,2657,18,Female,Delhi,Electronics,Sony,64978.46,2,10,6497.85,116961.22,UPI,Tablet - iPad,25-09-2025,High
5658,2658,36,Female,Chennai,Clothing,Adidas,28517.48,4,25,7129.37,85552.44,UPI,Mobile - Android,18-09-2025,High
5659,2659,55,Female,Pune,Home,Samsung,51566.55,4,15,7734.98,175326.28,Card,Mobile - iOS,12-03-2025,High
5660,2660,45,Male,Delhi,Electronics,Adidas,17650.52,1,20,3530.1,14120.42,Card,Mobile - iOS,11-02-2025,Low
5661,2661,64,Male,Hyderabad,Electronics,Nike,73961.07,5,40,29584.43,221883.2,UPI,Laptop - Mac,06-04-2025,High
5662,2662,26,Female,Pune,Electronics,Nike,7037.13,2,25,1759.28,10555.7,COD,Laptop - Windows,18-04-2025,Low
5663,2663,64,Male,Pune,Clothing,Sony,56727.5,5,15,8509.12,241091.9,Card,Mobile - iOS,15-03-2025,High
5664,2664,27,Male,Mumbai,Home,Sony,59573.45,4,0,0,238293.8,UPI,Mobile - Android,20-04-2025,High
5665,2665,41,Male,Pune,Home,Adidas,56554.95,1,0,0,56554.95,UPI,Laptop - Mac,07-01-2025,High
5666,2666,43,Male,Delhi,Home,Nike,61101.96,1,20,12220.39,48881.57,Card,Mobile - Android,31-10-2025,Medium
5667,2667,25,Male,Mumbai,Beauty,Boat,76848.33,5,40,30739.33,230545,COD,Laptop - Mac,06-08-2025,High
5668,2668,22,Male,Pune,Electronics,Zara,33644.3,2,25,8411.08,50466.44,COD,Tablet - iPad,26-12-2025,High
5669,2669,30,Female,Delhi,Electronics,Sony,16149.76,1,20,3229.95,12919.81,Card,Laptop - Windows,31-08-2025,Low
5670,2670,39,Female,Bangalore,Clothing,Adidas,10464.78,5,5,523.24,49707.7,UPI,Laptop - Mac,16-02-2025,Medium
5671,2671,51,Female,Hyderabad,Home,Boat,6386.36,4,40,2554.54,15327.28,COD,Mobile - Android,19-06-2025,Low
5672,2672,42,Female,Bangalore,Sports,Samsung,36941.27,2,20,7388.25,59106.04,UPI,Tablet - iPad,11-08-2025,High
5673,2673,40,Male,Mumbai,Beauty,Apple,8760.1,1,20,1752.02,7008.08,COD,Tablet - iPad,28-05-2025,Low
5674,2674,58,Female,Chennai,Electronics,Puma,66088.82,2,25,16522.21,99133.22,UPI,Laptop - Windows,12-03-2025,High
5675,2675,38,Male,Delhi,Beauty,Nike,38974.58,1,40,15589.83,23384.75,COD,Laptop - Windows,16-07-2025,Medium
5676,2676,20,Male,Pune,Beauty,Samsung,65818.69,4,40,26327.48,157964.84,UPI,Laptop - Windows,07-12-2025,High
5677,2677,25,Female,Mumbai,Sports,Boat,52141.2,4,30,15642.36,145995.36,UPI,Tablet - iPad,19-11-2025,High
5678,2678,63,Male,Hyderabad,Clothing,Samsung,73685.36,4,40,29474.14,176844.88,UPI,Laptop - Mac,17-02-2025,High
5679,2679,56,Male,Delhi,Home,Puma,67345.65,1,20,13469.13,53876.52,Card,Tablet - Android,28-09-2025,High
5680,2680,56,Female,Delhi,Electronics,Nike,22269.94,3,40,8907.98,40085.88,COD,Tablet - iPad,30-03-2025,Medium
5681,2681,39,Male,Chennai,Beauty,Boat,56221.65,5,15,8433.25,238942,UPI,Mobile - iOS,08-08-2025,High
5682,2682,62,Male,Hyderabad,Sports,Sony,71842.31,1,30,21552.69,50289.62,COD,Tablet - iPad,17-08-2025,High
5683,2683,28,Female,Hyderabad,Electronics,Puma,41767.46,2,10,4176.75,75181.42,COD,Laptop - Windows,07-02-2025,High
5684,2684,40,Male,Chennai,Clothing,Apple,59392.04,1,40,23756.82,35635.22,Card,Mobile - Android,24-07-2025,Medium
5685,2685,33,Female,Bangalore,Home,Sony,3941.89,4,40,1576.76,9460.52,Card,Laptop - Windows,13-11-2025,Low
5686,2686,45,Female,Pune,Electronics,Zara,50254.27,3,5,2512.71,143224.68,Card,Mobile - iOS,16-02-2025,High
5687,2687,52,Male,Pune,Home,Nike,58890.11,4,20,11778.02,188448.36,Card,Mobile - Android,19-08-2025,High
5688,2688,59,Female,Mumbai,Electronics,Adidas,44633.91,3,40,17853.56,80341.05,UPI,Tablet - Android,18-10-2025,High
5689,2689,46,Male,Pune,Home,Boat,22400.75,2,15,3360.11,38081.28,COD,Mobile - iOS,22-11-2025,Medium
5690,2690,55,Male,Chennai,Electronics,Boat,75139.61,1,25,18784.9,56354.71,Card,Mobile - Android,21-06-2025,High
5691,2691,23,Male,Delhi,Sports,Boat,36845.67,1,0,0,36845.67,COD,Laptop - Windows,12-06-2025,Medium
5692,2692,31,Male,Pune,Electronics,Puma,44488.38,4,40,17795.35,106772.12,Card,Mobile - iOS,06-12-2025,High
5693,2693,46,Male,Pune,Sports,Sony,5084.7,3,0,0,15254.1,Card,Mobile - Android,03-05-2025,Low
5694,2694,45,Female,Pune,Clothing,Adidas,65219.76,1,10,6521.98,58697.78,COD,Tablet - Android,13-01-2025,High
5695,2695,27,Male,Mumbai,Electronics,Adidas,33835.3,4,0,0,135341.2,COD,Mobile - Android,23-08-2025,High
5696,2696,63,Female,Delhi,Home,Puma,26653.35,3,30,7996,55972.05,COD,Mobile - Android,23-07-2025,High
5697,2697,64,Male,Hyderabad,Beauty,Sony,73227.96,5,10,7322.8,329525.8,Card,Laptop - Mac,09-11-2025,High
5698,2698,21,Male,Hyderabad,Clothing,Adidas,20518.11,4,30,6155.43,57450.72,UPI,Laptop - Windows,09-07-2025,High
5699,2699,41,Female,Delhi,Beauty,Adidas,11401.91,1,20,2280.38,9121.53,COD,Tablet - iPad,16-07-2025,Low
5700,2700,19,Male,Bangalore,Beauty,Apple,37774.33,5,40,15109.73,113323,COD,Tablet - iPad,10-03-2025,High
5701,2701,63,Female,Pune,Clothing,Boat,59500.27,3,0,0,178500.81,UPI,Laptop - Windows,12-08-2025,High
5702,2702,46,Male,Bangalore,Sports,Nike,3440.83,2,25,860.21,5161.24,UPI,Laptop - Mac,04-05-2025,Low
5703,2703,42,Female,Pune,Electronics,Boat,57614.68,2,25,14403.67,86422.02,UPI,Laptop - Windows,30-07-2025,High
5704,2704,48,Male,Bangalore,Beauty,Puma,41314.87,5,5,2065.74,196245.65,COD,Mobile - Android,13-04-2025,High
5705,2705,64,Female,Delhi,Clothing,Adidas,54182.21,3,20,10836.44,130037.31,UPI,Laptop - Windows,12-09-2025,High
5706,2706,63,Male,Mumbai,Electronics,Samsung,54633.65,4,30,16390.1,152974.2,UPI,Laptop - Windows,25-05-2025,High
5707,2707,32,Male,Mumbai,Home,Zara,25192.55,5,20,5038.51,100770.2,COD,Mobile - iOS,04-07-2025,High
5708,2708,55,Male,Hyderabad,Sports,Sony,14200.5,1,0,0,14200.5,COD,Mobile - Android,15-08-2025,Low
5709,2709,50,Male,Bangalore,Clothing,Zara,1743.41,2,25,435.85,2615.12,Card,Mobile - Android,26-01-2025,Low
5710,2710,25,Female,Hyderabad,Beauty,Apple,1911.25,1,5,95.56,1815.69,UPI,Mobile - Android,20-06-2025,Low
5711,2711,57,Male,Pune,Electronics,Nike,69647.09,2,5,3482.35,132329.48,Card,Tablet - iPad,10-02-2025,High
5712,2712,33,Female,Hyderabad,Home,Apple,40761.96,2,20,8152.39,65219.14,COD,Mobile - iOS,25-08-2025,High
5713,2713,55,Female,Bangalore,Clothing,Boat,26160.55,2,0,0,52321.1,UPI,Laptop - Windows,03-03-2025,High
5714,2714,61,Male,Bangalore,Sports,Puma,72982.92,2,10,7298.29,131369.26,UPI,Tablet - Android,11-01-2025,High
5715,2715,58,Female,Bangalore,Clothing,Samsung,74164.51,4,20,14832.9,237326.44,UPI,Laptop - Mac,03-10-2025,High
5716,2716,51,Male,Pune,Sports,Samsung,42994.57,1,0,0,42994.57,UPI,Mobile - iOS,24-07-2025,Medium
5717,2717,23,Male,Hyderabad,Electronics,Adidas,44118.56,5,40,17647.42,132355.7,UPI,Mobile - iOS,05-06-2025,High
5718,2718,56,Female,Hyderabad,Home,Boat,50709.48,5,0,0,253547.4,UPI,Mobile - iOS,07-04-2025,High
5719,2719,57,Female,Chennai,Sports,Boat,55872.13,3,15,8380.82,142473.93,UPI,Mobile - iOS,17-08-2025,High
5720,2720,40,Female,Hyderabad,Beauty,Nike,26828.86,3,10,2682.89,72437.91,UPI,Tablet - iPad,28-09-2025,High
5721,2721,38,Male,Hyderabad,Clothing,Zara,59294.46,4,40,23717.78,142306.72,UPI,Tablet - iPad,02-08-2025,High
5722,2722,52,Female,Chennai,Electronics,Sony,1665.65,4,15,249.85,5663.2,COD,Laptop - Windows,01-07-2025,Low
5723,2723,64,Female,Hyderabad,Electronics,Puma,64742.38,1,5,3237.12,61505.26,UPI,Mobile - Android,27-10-2025,High
5724,2724,46,Male,Delhi,Sports,Nike,54101.82,4,10,5410.18,194766.56,UPI,Mobile - Android,23-01-2025,High
5725,2725,52,Male,Delhi,Beauty,Boat,69619.77,2,15,10442.97,118353.6,UPI,Laptop - Windows,07-03-2025,High
5726,2726,19,Female,Hyderabad,Electronics,Boat,49696.81,1,10,4969.68,44727.13,COD,Laptop - Windows,29-10-2025,Medium
5727,2727,50,Male,Bangalore,Electronics,Puma,47998.54,1,5,2399.93,45598.61,Card,Laptop - Mac,01-03-2025,Medium
5728,2728,43,Female,Mumbai,Sports,Adidas,18613.13,5,10,1861.31,83759.1,COD,Tablet - iPad,12-11-2025,High
5729,2729,61,Female,Mumbai,Sports,Nike,33381.15,2,40,13352.46,40057.38,Card,Laptop - Windows,15-03-2025,Medium
5730,2730,49,Female,Delhi,Sports,Puma,62669.94,5,40,25067.98,188009.8,Card,Mobile - Android,23-07-2025,High
5731,2731,35,Male,Pune,Clothing,Nike,40705.88,5,40,16282.35,122117.65,UPI,Laptop - Mac,21-10-2025,High
5732,2732,51,Male,Pune,Home,Adidas,59400.23,2,0,0,118800.46,COD,Mobile - Android,15-09-2025,High
5733,2733,47,Male,Chennai,Sports,Apple,78443.25,3,15,11766.49,200030.28,Card,Tablet - iPad,08-02-2025,High
5734,2734,61,Female,Delhi,Sports,Puma,36414.24,5,15,5462.14,154760.5,UPI,Mobile - iOS,20-11-2025,High
5735,2735,40,Female,Bangalore,Sports,Boat,16654.77,2,25,4163.69,24982.16,UPI,Laptop - Mac,04-02-2025,Medium
5736,2736,37,Female,Pune,Clothing,Nike,35597.09,3,10,3559.71,96112.14,Card,Mobile - iOS,03-08-2025,High
5737,2737,63,Male,Chennai,Clothing,Apple,27005.85,4,40,10802.34,64814.04,Card,Mobile - iOS,16-05-2025,High
5738,2738,40,Male,Bangalore,Beauty,Sony,17010.71,2,0,0,34021.42,Card,Mobile - iOS,21-06-2025,Medium
5739,2739,57,Male,Hyderabad,Electronics,Sony,79152.73,3,20,15830.55,189966.54,UPI,Laptop - Windows,15-05-2025,High
5740,2740,25,Female,Delhi,Home,Zara,36220.55,4,30,10866.16,101417.56,COD,Mobile - Android,20-07-2025,High
5741,2741,31,Female,Mumbai,Beauty,Sony,78445.83,2,15,11766.87,133357.92,UPI,Tablet - Android,12-07-2025,High
5742,2742,40,Female,Chennai,Electronics,Zara,56794.83,2,15,8519.22,96551.22,Card,Mobile - iOS,10-09-2025,High
5743,2743,63,Female,Delhi,Beauty,Zara,30597.58,2,0,0,61195.16,COD,Laptop - Windows,04-10-2025,High
5744,2744,31,Female,Hyderabad,Clothing,Puma,123.77,5,10,12.38,556.95,COD,Laptop - Mac,19-03-2025,Low
5745,2745,19,Female,Pune,Sports,Zara,31592.41,1,10,3159.24,28433.17,Card,Mobile - iOS,11-01-2025,Medium
5746,2746,21,Female,Hyderabad,Beauty,Nike,24979.46,4,25,6244.86,74938.4,Card,Tablet - iPad,11-09-2025,High
5747,2747,41,Female,Hyderabad,Home,Sony,36752.17,5,25,9188.04,137820.65,Card,Mobile - Android,20-01-2025,High
5748,2748,53,Male,Bangalore,Home,Samsung,45654.1,2,15,6848.12,77611.96,UPI,Laptop - Mac,16-01-2025,High
5749,2749,26,Male,Bangalore,Electronics,Boat,50258.34,2,0,0,100516.68,COD,Laptop - Mac,27-07-2025,High
5750,2750,33,Male,Mumbai,Home,Sony,10660.22,4,0,0,42640.88,UPI,Tablet - Android,04-11-2025,Medium
5751,2751,49,Male,Pune,Clothing,Nike,49572.06,5,25,12393.02,185895.2,COD,Laptop - Mac,22-11-2025,High
5752,2752,49,Male,Chennai,Home,Zara,43581.18,5,10,4358.12,196115.3,COD,Laptop - Mac,07-03-2025,High
5753,2753,44,Female,Chennai,Beauty,Boat,10214.72,3,15,1532.21,26047.53,Card,Laptop - Windows,11-08-2025,Medium
5754,2754,32,Male,Mumbai,Home,Nike,16465.85,1,40,6586.34,9879.51,Card,Laptop - Mac,27-10-2025,Low
5755,2755,21,Female,Mumbai,Beauty,Puma,42531.84,4,15,6379.78,144608.24,COD,Tablet - Android,29-04-2025,High
5756,2756,53,Female,Bangalore,Beauty,Apple,52885.6,4,25,13221.4,158656.8,UPI,Tablet - iPad,14-03-2025,High
5757,2757,42,Male,Chennai,Sports,Zara,13634.13,2,0,0,27268.26,Card,Tablet - iPad,15-02-2025,Medium
5758,2758,32,Male,Mumbai,Clothing,Adidas,53097.77,1,10,5309.78,47787.99,Card,Mobile - iOS,24-12-2025,Medium
5759,2759,29,Female,Mumbai,Electronics,Sony,25141.98,1,0,0,25141.98,UPI,Mobile - iOS,02-11-2025,Medium
5760,2760,24,Male,Chennai,Beauty,Puma,66381.01,2,5,3319.05,126123.92,UPI,Mobile - Android,23-01-2025,High
5761,2761,53,Male,Bangalore,Sports,Apple,31138.27,4,0,0,124553.08,UPI,Tablet - iPad,03-09-2025,High
5762,2762,41,Male,Hyderabad,Home,Apple,65131.08,5,10,6513.11,293089.85,UPI,Tablet - iPad,07-09-2025,High
5763,2763,23,Male,Hyderabad,Home,Boat,18837.61,3,30,5651.28,39558.99,UPI,Mobile - Android,22-10-2025,Medium
5764,2764,58,Female,Bangalore,Electronics,Nike,59095.73,2,5,2954.79,112281.88,COD,Laptop - Mac,26-06-2025,High
5765,2765,62,Male,Delhi,Clothing,Apple,42807.54,5,20,8561.51,171230.15,Card,Mobile - iOS,05-05-2025,High
5766,2766,48,Male,Hyderabad,Clothing,Apple,51682.84,2,30,15504.85,72355.98,Card,Laptop - Windows,31-03-2025,High
5767,2767,38,Female,Pune,Beauty,Apple,36409.05,5,5,1820.45,172943,COD,Tablet - Android,15-05-2025,High
5768,2768,28,Female,Bangalore,Beauty,Sony,78849.84,3,15,11827.48,201067.08,UPI,Tablet - Android,07-05-2025,High
5769,2769,33,Female,Delhi,Clothing,Nike,55630.03,5,25,13907.51,208612.6,COD,Tablet - Android,04-11-2025,High
5770,2770,31,Female,Mumbai,Clothing,Apple,31156.55,2,15,4673.48,52966.14,Card,Laptop - Windows,12-04-2025,High
5771,2771,42,Female,Mumbai,Clothing,Boat,59290.48,2,0,0,118580.96,UPI,Laptop - Windows,17-02-2025,High
5772,2772,31,Female,Chennai,Electronics,Boat,58835.31,2,20,11767.06,94136.5,Card,Tablet - Android,15-02-2025,High
5773,2773,55,Male,Bangalore,Electronics,Nike,9890.54,2,10,989.05,17802.98,Card,Laptop - Windows,28-11-2025,Low
5774,2774,35,Female,Chennai,Home,Puma,18597.36,2,15,2789.6,31615.52,COD,Mobile - Android,21-11-2025,Medium
5775,2775,31,Female,Mumbai,Electronics,Nike,56915.48,5,30,17074.64,199204.2,COD,Mobile - iOS,07-05-2025,High
5776,2776,41,Male,Bangalore,Clothing,Zara,29478.45,4,5,1473.92,112018.12,UPI,Mobile - Android,25-04-2025,High
5777,2777,25,Male,Chennai,Clothing,Zara,32590.17,1,10,3259.02,29331.15,Card,Mobile - iOS,06-05-2025,Medium
5778,2778,62,Female,Pune,Beauty,Boat,39755.85,1,5,1987.79,37768.06,Card,Tablet - Android,24-02-2025,Medium
5779,2779,42,Male,Mumbai,Electronics,Puma,62308.47,4,20,12461.69,199387.12,COD,Laptop - Mac,08-01-2025,High
5780,2780,51,Female,Chennai,Clothing,Adidas,37237.79,1,10,3723.78,33514.01,UPI,Laptop - Windows,16-05-2025,Medium
5781,2781,62,Male,Pune,Clothing,Zara,22298.86,3,15,3344.83,56862.09,UPI,Laptop - Windows,08-04-2025,High
5782,2782,61,Male,Bangalore,Electronics,Puma,54381.17,1,40,21752.47,32628.7,COD,Tablet - Android,16-12-2025,Medium
5783,2783,45,Female,Chennai,Sports,Nike,69165.43,2,20,13833.09,110664.68,Card,Mobile - Android,03-11-2025,High
5784,2784,41,Female,Chennai,Home,Zara,41768.21,2,5,2088.41,79359.6,UPI,Mobile - iOS,04-08-2025,High
5785,2785,35,Male,Mumbai,Beauty,Sony,56094.16,4,0,0,224376.64,UPI,Laptop - Mac,03-09-2025,High
5786,2786,51,Male,Hyderabad,Electronics,Boat,66799.43,4,5,3339.97,253837.84,COD,Mobile - iOS,11-11-2025,High
5787,2787,59,Female,Bangalore,Home,Sony,12710.85,1,5,635.54,12075.31,UPI,Laptop - Mac,18-07-2025,Low
5788,2788,20,Male,Pune,Clothing,Sony,47997.06,2,40,19198.82,57596.48,COD,Tablet - Android,15-11-2025,High
5789,2789,29,Male,Chennai,Clothing,Adidas,58441.54,5,15,8766.23,248376.55,UPI,Mobile - iOS,01-10-2025,High
5790,2790,53,Male,Mumbai,Beauty,Boat,10086.26,2,5,504.31,19163.9,COD,Tablet - iPad,16-10-2025,Low
5791,2791,22,Female,Chennai,Sports,Adidas,36459,3,10,3645.9,98439.3,UPI,Mobile - iOS,14-05-2025,High
5792,2792,36,Female,Hyderabad,Home,Apple,14282.73,1,5,714.14,13568.59,COD,Mobile - iOS,28-02-2025,Low
5793,2793,29,Female,Delhi,Home,Puma,37113.98,4,30,11134.19,103919.16,Card,Laptop - Mac,20-01-2025,High
5794,2794,44,Male,Bangalore,Sports,Adidas,740.53,2,25,185.13,1110.8,UPI,Tablet - Android,15-06-2025,Low
5795,2795,34,Male,Bangalore,Clothing,Puma,59225.08,3,5,2961.25,168791.49,Card,Tablet - iPad,09-09-2025,High
5796,2796,60,Male,Bangalore,Beauty,Sony,65672.06,2,30,19701.62,91940.88,COD,Tablet - Android,27-08-2025,High
5797,2797,45,Female,Mumbai,Electronics,Zara,66262,4,40,26504.8,159028.8,UPI,Mobile - Android,03-06-2025,High
5798,2798,57,Female,Bangalore,Beauty,Apple,64594.62,5,25,16148.66,242229.8,Card,Laptop - Windows,05-12-2025,High
5799,2799,39,Male,Hyderabad,Clothing,Boat,4534.24,5,15,680.14,19270.5,COD,Mobile - iOS,09-01-2025,Low
5800,2800,27,Male,Chennai,Electronics,Samsung,23354.46,2,0,0,46708.92,UPI,Tablet - Android,25-02-2025,Medium
5801,2801,58,Female,Hyderabad,Electronics,Sony,19237.63,3,30,5771.29,40399.02,COD,Tablet - Android,14-10-2025,Medium
5802,2802,23,Male,Chennai,Electronics,Samsung,38338.31,2,20,7667.66,61341.3,UPI,Mobile - Android,31-12-2025,High
5803,2803,34,Female,Bangalore,Electronics,Apple,73578.51,4,5,3678.93,279598.32,Card,Mobile - iOS,10-04-2025,High
5804,2804,29,Male,Bangalore,Electronics,Adidas,15017.57,4,40,6007.03,36042.16,UPI,Laptop - Mac,27-02-2025,Medium
5805,2805,23,Male,Delhi,Home,Zara,63011.48,4,0,0,252045.92,COD,Tablet - Android,02-08-2025,High
5806,2806,60,Female,Mumbai,Home,Apple,28475.38,5,20,5695.08,113901.5,UPI,Laptop - Windows,02-10-2025,High
5807,2807,39,Male,Chennai,Clothing,Nike,8835.38,1,30,2650.61,6184.77,UPI,Tablet - iPad,04-01-2025,Low
5808,2808,33,Female,Pune,Clothing,Puma,28625.56,5,10,2862.56,128815,COD,Laptop - Windows,26-01-2025,High
5809,2809,21,Male,Bangalore,Clothing,Adidas,16708.08,5,30,5012.42,58478.3,Card,Tablet - Android,05-02-2025,High
5810,2810,42,Male,Pune,Beauty,Puma,16338.04,2,40,6535.22,19605.64,Card,Mobile - Android,28-10-2025,Low
5811,2811,50,Male,Chennai,Beauty,Samsung,78963.78,5,40,31585.51,236891.35,COD,Mobile - Android,06-06-2025,High
5812,2812,18,Female,Pune,Electronics,Nike,24000.96,5,5,1200.05,114004.55,COD,Laptop - Mac,23-08-2025,High
5813,2813,32,Female,Chennai,Electronics,Samsung,63980.98,3,15,9597.15,163151.49,COD,Mobile - Android,18-04-2025,High
5814,2814,34,Male,Bangalore,Home,Puma,664.77,5,25,166.19,2492.9,UPI,Tablet - Android,08-02-2025,Low
5815,2815,60,Female,Pune,Electronics,Puma,5343.87,5,15,801.58,22711.45,UPI,Tablet - iPad,17-06-2025,Medium
5816,2816,36,Female,Hyderabad,Home,Sony,48934.49,5,15,7340.17,207971.6,Card,Tablet - Android,05-09-2025,High
5817,2817,36,Male,Chennai,Clothing,Adidas,54792.74,1,10,5479.27,49313.47,Card,Mobile - iOS,17-10-2025,Medium
5818,2818,37,Female,Chennai,Beauty,Boat,51541.62,1,20,10308.32,41233.3,Card,Tablet - Android,20-12-2025,Medium
5819,2819,18,Male,Delhi,Beauty,Nike,69742.79,3,5,3487.14,198766.95,COD,Laptop - Windows,09-12-2025,High
5820,2820,40,Male,Mumbai,Home,Nike,18162.76,1,40,7265.1,10897.66,UPI,Mobile - Android,04-09-2025,Low
5821,2821,33,Male,Delhi,Sports,Zara,25805.92,5,5,1290.3,122578.1,Card,Mobile - iOS,24-08-2025,High
5822,2822,41,Male,Hyderabad,Home,Nike,45077.85,1,15,6761.68,38316.17,UPI,Tablet - iPad,13-11-2025,Medium
5823,2823,37,Male,Delhi,Home,Zara,11928.79,4,5,596.44,45329.4,COD,Mobile - Android,07-05-2025,Medium
5824,2824,32,Female,Pune,Sports,Sony,41783.49,1,30,12535.05,29248.44,UPI,Laptop - Mac,31-07-2025,Medium
5825,2825,41,Male,Chennai,Home,Puma,48812.72,4,5,2440.64,185488.32,UPI,Tablet - Android,19-05-2025,High
5826,2826,54,Male,Pune,Clothing,Boat,37807.37,4,15,5671.11,128545.04,Card,Laptop - Mac,12-09-2025,High
5827,2827,58,Male,Pune,Sports,Samsung,62540.36,3,20,12508.07,150096.87,COD,Laptop - Mac,17-01-2025,High
5828,2828,50,Female,Delhi,Clothing,Boat,65422.07,2,0,0,130844.14,COD,Laptop - Mac,21-04-2025,High
5829,2829,49,Female,Delhi,Sports,Sony,21658.2,4,10,2165.82,77969.52,UPI,Tablet - Android,29-06-2025,High
5830,2830,48,Male,Pune,Sports,Boat,21341.6,4,40,8536.64,51219.84,COD,Tablet - iPad,12-04-2025,High
5831,2831,32,Male,Hyderabad,Beauty,Samsung,8347.73,2,15,1252.16,14191.14,Card,Tablet - iPad,29-10-2025,Low
5832,2832,18,Male,Chennai,Clothing,Adidas,79115.61,1,30,23734.68,55380.93,COD,Tablet - iPad,23-02-2025,High
5833,2833,29,Male,Bangalore,Clothing,Adidas,14417.65,4,15,2162.65,49020,UPI,Laptop - Windows,23-06-2025,Medium
5834,2834,52,Male,Mumbai,Home,Nike,10306.48,3,0,0,30919.44,Card,Mobile - Android,11-09-2025,Medium
5835,2835,54,Female,Hyderabad,Home,Apple,42744.1,4,5,2137.2,162427.6,Card,Laptop - Windows,27-05-2025,High
5836,2836,47,Male,Pune,Clothing,Apple,64897.2,3,0,0,194691.6,Card,Laptop - Mac,20-09-2025,High
5837,2837,43,Female,Hyderabad,Sports,Samsung,7289.76,5,30,2186.93,25514.15,COD,Tablet - Android,07-09-2025,Medium
5838,2838,28,Female,Hyderabad,Electronics,Nike,21371.17,3,30,6411.35,44879.46,Card,Tablet - Android,02-07-2025,Medium
5839,2839,49,Female,Chennai,Home,Boat,74416.47,4,15,11162.47,253016,COD,Laptop - Mac,03-04-2025,High
5840,2840,19,Male,Chennai,Beauty,Apple,40929.43,2,40,16371.77,49115.32,Card,Tablet - iPad,31-01-2025,Medium
5841,2841,27,Male,Delhi,Home,Adidas,13946.1,3,0,0,41838.3,COD,Tablet - iPad,24-01-2025,Medium
5842,2842,63,Female,Bangalore,Sports,Samsung,17662.09,3,10,1766.21,47687.64,Card,Mobile - iOS,05-03-2025,Medium
5843,2843,39,Male,Bangalore,Home,Boat,59825.84,1,15,8973.88,50851.96,Card,Mobile - Android,27-02-2025,High
5844,2844,26,Female,Mumbai,Electronics,Samsung,36674.92,1,15,5501.24,31173.68,COD,Laptop - Windows,07-07-2025,Medium
5845,2845,47,Male,Chennai,Beauty,Zara,46204.6,5,5,2310.23,219471.85,COD,Tablet - iPad,04-05-2025,High
5846,2846,42,Female,Delhi,Electronics,Puma,56988.32,3,0,0,170964.96,UPI,Mobile - Android,17-11-2025,High
5847,2847,38,Female,Bangalore,Clothing,Boat,14886.47,2,20,2977.29,23818.36,COD,Mobile - iOS,18-03-2025,Medium
5848,2848,35,Male,Bangalore,Beauty,Sony,66390.93,1,25,16597.73,49793.2,UPI,Tablet - iPad,03-02-2025,Medium
5849,2849,37,Female,Mumbai,Beauty,Nike,3314.12,3,40,1325.65,5965.41,UPI,Mobile - Android,21-02-2025,Low
5850,2850,57,Male,Mumbai,Sports,Boat,12285.66,3,25,3071.42,27642.72,COD,Tablet - Android,04-09-2025,Medium
5851,2851,33,Male,Hyderabad,Clothing,Puma,72057.13,3,40,28822.85,129702.84,Card,Tablet - iPad,04-10-2025,High
5852,2852,56,Male,Bangalore,Electronics,Boat,8490.24,2,0,0,16980.48,Card,Laptop - Windows,08-02-2025,Low
5853,2853,52,Female,Delhi,Clothing,Puma,42066.29,3,15,6309.94,107269.05,COD,Tablet - iPad,01-10-2025,High
5854,2854,46,Female,Hyderabad,Beauty,Samsung,18617.88,3,0,0,55853.64,UPI,Mobile - Android,25-09-2025,High
5855,2855,63,Male,Pune,Clothing,Apple,53158.77,5,20,10631.75,212635.1,Card,Laptop - Windows,21-04-2025,High
5856,2856,47,Male,Hyderabad,Electronics,Zara,71302.2,5,0,0,356511,Card,Laptop - Mac,10-06-2025,High
5857,2857,20,Female,Chennai,Clothing,Samsung,67849.24,1,30,20354.77,47494.47,Card,Laptop - Windows,19-10-2025,Medium
5858,2858,49,Female,Bangalore,Sports,Zara,60282.44,5,5,3014.12,286341.6,Card,Tablet - iPad,03-05-2025,High
5859,2859,31,Male,Mumbai,Clothing,Puma,52530.44,4,40,21012.18,126073.04,COD,Mobile - iOS,25-11-2025,High
5860,2860,43,Female,Delhi,Clothing,Zara,77187.98,5,20,15437.6,308751.9,Card,Mobile - Android,08-03-2025,High
5861,2861,22,Female,Mumbai,Home,Puma,14645.38,3,15,2196.81,37345.71,COD,Tablet - iPad,12-07-2025,Medium
5862,2862,45,Male,Pune,Home,Apple,50174,4,0,0,200696,COD,Laptop - Windows,04-04-2025,High
5863,2863,25,Female,Pune,Home,Nike,74180.11,3,10,7418.01,200286.3,Card,Tablet - iPad,15-07-2025,High
5864,2864,62,Female,Pune,Beauty,Samsung,16443.57,2,30,4933.07,23021,COD,Mobile - Android,14-08-2025,Medium
5865,2865,50,Male,Delhi,Beauty,Adidas,23553.39,5,25,5888.35,88325.2,UPI,Mobile - iOS,23-07-2025,High
5866,2866,53,Male,Chennai,Electronics,Adidas,61396.57,5,10,6139.66,276284.55,Card,Tablet - iPad,02-08-2025,High
5867,2867,30,Male,Bangalore,Electronics,Apple,60953.66,3,5,3047.68,173717.94,COD,Tablet - Android,05-08-2025,High
5868,2868,37,Male,Bangalore,Beauty,Adidas,51963.91,3,10,5196.39,140302.56,UPI,Laptop - Mac,27-05-2025,High
5869,2869,35,Male,Bangalore,Electronics,Adidas,5676.22,4,40,2270.49,13622.92,Card,Mobile - Android,06-10-2025,Low
5870,2870,37,Male,Pune,Electronics,Zara,37494.76,5,40,14997.9,112484.3,COD,Laptop - Windows,02-12-2025,High
5871,2871,60,Female,Mumbai,Clothing,Nike,53250.27,4,10,5325.03,191700.96,UPI,Mobile - Android,23-11-2025,High
5872,2872,50,Male,Mumbai,Beauty,Boat,64403.52,3,15,9660.53,164228.97,Card,Laptop - Windows,07-11-2025,High
5873,2873,38,Male,Hyderabad,Beauty,Sony,67615.18,5,0,0,338075.9,UPI,Tablet - Android,17-08-2025,High
5874,2874,63,Male,Mumbai,Beauty,Nike,55539.6,4,40,22215.84,133295.04,Card,Mobile - Android,21-05-2025,High
5875,2875,41,Female,Pune,Electronics,Apple,46025.88,1,5,2301.29,43724.59,COD,Mobile - Android,29-03-2025,Medium
5876,2876,45,Male,Hyderabad,Sports,Puma,27428.31,3,40,10971.32,49370.97,UPI,Tablet - iPad,21-06-2025,Medium
5877,2877,22,Female,Hyderabad,Sports,Puma,58804.33,5,25,14701.08,220516.25,COD,Laptop - Windows,18-01-2025,High
5878,2878,47,Male,Hyderabad,Sports,Nike,28250.25,3,15,4237.54,72038.13,COD,Tablet - iPad,19-03-2025,High
5879,2879,60,Male,Mumbai,Beauty,Nike,41254.56,4,20,8250.91,132014.6,UPI,Mobile - Android,02-12-2025,High
5880,2880,41,Male,Bangalore,Clothing,Samsung,2075.67,2,20,415.13,3321.08,COD,Tablet - iPad,21-03-2025,Low
5881,2881,56,Female,Chennai,Home,Nike,12024.34,3,0,0,36073.02,COD,Laptop - Mac,02-05-2025,Medium
5882,2882,31,Male,Delhi,Electronics,Nike,24843.16,3,15,3726.47,63350.07,UPI,Mobile - iOS,30-10-2025,High
5883,2883,53,Male,Bangalore,Home,Boat,37210.32,3,25,9302.58,83723.22,Card,Mobile - iOS,11-09-2025,High
5884,2884,53,Female,Mumbai,Electronics,Zara,45617.78,1,30,13685.33,31932.45,UPI,Laptop - Mac,01-04-2025,Medium
5885,2885,43,Female,Bangalore,Beauty,Sony,16193.18,5,25,4048.3,60724.4,COD,Mobile - iOS,02-04-2025,High
5886,2886,30,Male,Mumbai,Home,Sony,42425.46,5,25,10606.36,159095.5,Card,Tablet - Android,19-09-2025,High
5887,2887,57,Female,Pune,Clothing,Samsung,51010.31,2,0,0,102020.62,UPI,Laptop - Windows,05-06-2025,High
5888,2888,38,Female,Hyderabad,Beauty,Zara,35819.54,4,40,14327.82,85966.88,Card,Mobile - iOS,09-11-2025,High
5889,2889,43,Female,Delhi,Sports,Nike,43439.93,1,15,6515.99,36923.94,Card,Tablet - Android,23-04-2025,Medium
5890,2890,51,Female,Bangalore,Home,Samsung,26531.7,5,5,1326.58,126025.6,UPI,Tablet - iPad,08-01-2025,High
5891,2891,57,Male,Chennai,Clothing,Sony,20161.85,4,40,8064.74,48388.44,COD,Tablet - Android,03-07-2025,Medium
5892,2892,31,Female,Bangalore,Beauty,Samsung,62083.08,5,20,12416.62,248332.3,Card,Tablet - Android,06-02-2025,High
5893,2893,38,Male,Bangalore,Beauty,Boat,23698.29,4,0,0,94793.16,COD,Tablet - Android,15-05-2025,High
5894,2894,60,Female,Hyderabad,Electronics,Sony,1532.37,1,40,612.95,919.42,UPI,Tablet - Android,27-04-2025,Low
5895,2895,64,Male,Delhi,Clothing,Adidas,60067.69,4,20,12013.54,192216.6,Card,Mobile - iOS,04-08-2025,High
5896,2896,36,Female,Bangalore,Sports,Samsung,23935.61,2,30,7180.68,33509.86,COD,Mobile - iOS,07-08-2025,Medium
5897,2897,29,Male,Chennai,Sports,Nike,21922.68,1,0,0,21922.68,Card,Laptop - Windows,03-12-2025,Medium
5898,2898,53,Female,Pune,Beauty,Zara,30494.84,5,40,12197.94,91484.5,COD,Tablet - Android,07-07-2025,High
5899,2899,47,Male,Delhi,Electronics,Samsung,37066.96,1,20,7413.39,29653.57,COD,Tablet - Android,16-10-2025,Medium
5900,2900,61,Male,Chennai,Clothing,Adidas,64395.94,5,20,12879.19,257583.75,UPI,Laptop - Mac,19-12-2025,High
5901,2901,50,Female,Pune,Electronics,Apple,12835.12,4,10,1283.51,46206.44,COD,Tablet - Android,19-10-2025,Medium
5902,2902,61,Male,Bangalore,Beauty,Samsung,42666.95,1,15,6400.04,36266.91,COD,Laptop - Mac,02-07-2025,Medium
5903,2903,40,Female,Pune,Clothing,Sony,871.5,2,0,0,1743,Card,Laptop - Mac,13-01-2025,Low
5904,2904,58,Male,Bangalore,Beauty,Boat,5068,5,15,760.2,21539,Card,Mobile - iOS,25-11-2025,Medium
5905,2905,30,Female,Hyderabad,Home,Samsung,52309.36,5,40,20923.74,156928.1,UPI,Laptop - Mac,13-04-2025,High
5906,2906,45,Female,Delhi,Sports,Sony,74227.96,1,5,3711.4,70516.56,Card,Laptop - Mac,04-06-2025,High
5907,2907,45,Female,Hyderabad,Electronics,Sony,4934.66,2,25,1233.66,7402,COD,Mobile - Android,16-09-2025,Low
5908,2908,36,Female,Mumbai,Clothing,Sony,21729.79,5,25,5432.45,81486.7,COD,Mobile - iOS,10-05-2025,High
5909,2909,54,Male,Hyderabad,Home,Samsung,7243.39,4,5,362.17,27524.88,Card,Laptop - Mac,31-05-2025,Medium
5910,2910,48,Male,Mumbai,Home,Sony,3647.71,1,15,547.16,3100.55,UPI,Mobile - Android,23-02-2025,Low
5911,2911,59,Female,Chennai,Clothing,Zara,47372.17,5,30,14211.65,165802.6,Card,Mobile - iOS,10-05-2025,High
5912,2912,56,Male,Mumbai,Beauty,Boat,70496.14,5,20,14099.23,281984.55,Card,Mobile - iOS,26-03-2025,High
5913,2913,34,Male,Pune,Beauty,Nike,9749.92,4,20,1949.98,31199.76,COD,Mobile - iOS,02-06-2025,Medium
5914,2914,45,Male,Chennai,Beauty,Apple,46976.86,2,5,2348.84,89256.04,Card,Mobile - Android,28-08-2025,High
5915,2915,21,Male,Chennai,Beauty,Sony,14121.65,4,5,706.08,53662.28,Card,Laptop - Windows,23-12-2025,High
5916,2916,23,Male,Hyderabad,Home,Apple,32705.25,2,20,6541.05,52328.4,COD,Laptop - Mac,21-03-2025,High
5917,2917,36,Male,Chennai,Beauty,Boat,23411.16,1,30,7023.35,16387.81,UPI,Mobile - iOS,04-11-2025,Low
5918,2918,40,Male,Delhi,Clothing,Zara,13268.81,5,0,0,66344.05,COD,Laptop - Windows,22-09-2025,High
5919,2919,57,Female,Mumbai,Home,Sony,26735.46,3,5,1336.77,76196.07,UPI,Mobile - Android,29-09-2025,High
5920,2920,62,Female,Delhi,Beauty,Apple,57283.95,3,5,2864.2,163259.25,UPI,Tablet - Android,08-09-2025,High
5921,2921,59,Male,Pune,Beauty,Puma,14210.76,5,20,2842.15,56843.05,Card,Laptop - Mac,08-01-2025,High
5922,2922,23,Male,Bangalore,Clothing,Apple,33234.79,1,30,9970.44,23264.35,COD,Laptop - Mac,25-06-2025,Medium
5923,2923,41,Female,Mumbai,Home,Samsung,47525.42,3,15,7128.81,121189.83,UPI,Tablet - iPad,24-12-2025,High
5924,2924,39,Male,Chennai,Home,Nike,76981.42,2,15,11547.21,130868.42,COD,Laptop - Windows,30-09-2025,High
5925,2925,38,Male,Bangalore,Home,Zara,18428.59,5,40,7371.44,55285.75,COD,Tablet - iPad,31-07-2025,High
5926,2926,31,Male,Pune,Electronics,Zara,46941.93,5,5,2347.1,222974.15,Card,Mobile - iOS,25-03-2025,High
5927,2927,41,Male,Hyderabad,Home,Apple,2613.83,5,25,653.46,9801.85,UPI,Mobile - iOS,21-11-2025,Low
5928,2928,42,Male,Delhi,Sports,Sony,20102.59,4,40,8041.04,48246.2,UPI,Mobile - iOS,01-09-2025,Medium
5929,2929,34,Female,Mumbai,Home,Puma,41206.55,2,10,4120.66,74171.78,COD,Mobile - iOS,15-02-2025,High
5930,2930,63,Male,Chennai,Sports,Apple,40353.1,1,20,8070.62,32282.48,UPI,Mobile - iOS,12-04-2025,Medium
5931,2931,52,Male,Chennai,Home,Samsung,79908.22,1,15,11986.23,67921.99,Card,Tablet - Android,24-11-2025,High
5932,2932,34,Female,Mumbai,Clothing,Apple,15622.73,3,5,781.14,44524.77,UPI,Laptop - Windows,17-02-2025,Medium
5933,2933,45,Male,Hyderabad,Sports,Puma,50578.16,5,15,7586.72,214957.2,UPI,Laptop - Mac,23-05-2025,High
5934,2934,19,Male,Bangalore,Electronics,Puma,5156.93,5,40,2062.77,15470.8,COD,Tablet - iPad,14-11-2025,Low
5935,2935,51,Female,Bangalore,Home,Boat,70469.85,3,5,3523.49,200839.08,Card,Tablet - iPad,14-04-2025,High
5936,2936,18,Female,Delhi,Clothing,Sony,7181.23,5,25,1795.31,26929.6,UPI,Mobile - iOS,24-08-2025,Medium
5937,2937,64,Male,Delhi,Home,Puma,37996.71,2,0,0,75993.42,COD,Laptop - Mac,13-09-2025,High
5938,2938,20,Female,Bangalore,Sports,Apple,59186.29,5,5,2959.31,281134.9,COD,Laptop - Windows,07-11-2025,High
5939,2939,39,Male,Pune,Beauty,Apple,43261.2,1,15,6489.18,36772.02,COD,Tablet - Android,14-09-2025,Medium
5940,2940,59,Male,Mumbai,Clothing,Adidas,23828.45,3,25,5957.11,53614.02,COD,Tablet - Android,21-02-2025,High
5941,2941,21,Female,Mumbai,Sports,Apple,67759.33,3,30,20327.8,142294.59,UPI,Mobile - iOS,20-11-2025,High
5942,2942,32,Male,Hyderabad,Electronics,Apple,62691.34,5,5,3134.57,297783.85,COD,Mobile - iOS,12-10-2025,High
5943,2943,53,Female,Hyderabad,Electronics,Samsung,71761.12,2,5,3588.06,136346.12,Card,Mobile - iOS,17-06-2025,High
5944,2944,56,Female,Pune,Home,Sony,47042.76,4,10,4704.28,169353.92,UPI,Laptop - Mac,10-06-2025,High
5945,2945,29,Female,Mumbai,Clothing,Boat,35745.27,1,30,10723.58,25021.69,COD,Tablet - Android,12-05-2025,Medium
5946,2946,54,Female,Hyderabad,Clothing,Apple,64831.4,2,0,0,129662.8,UPI,Laptop - Mac,20-04-2025,High
5947,2947,58,Male,Hyderabad,Sports,Sony,54717.35,5,20,10943.47,218869.4,UPI,Tablet - iPad,28-07-2025,High
5948,2948,24,Male,Pune,Sports,Apple,20439.79,3,25,5109.95,45989.52,Card,Tablet - iPad,14-06-2025,Medium
5949,2949,48,Male,Mumbai,Electronics,Puma,27459.95,1,25,6864.99,20594.96,UPI,Tablet - Android,03-02-2025,Medium
5950,2950,22,Male,Pune,Clothing,Adidas,47002.84,1,40,18801.14,28201.7,UPI,Mobile - iOS,23-09-2025,Medium
5951,2951,44,Female,Mumbai,Electronics,Nike,3440.22,1,40,1376.09,2064.13,UPI,Tablet - iPad,21-04-2025,Low
5952,2952,42,Male,Mumbai,Beauty,Nike,10146.65,4,30,3044,28410.6,COD,Laptop - Mac,11-04-2025,Medium
5953,2953,34,Female,Hyderabad,Clothing,Adidas,34998.15,4,20,6999.63,111994.08,COD,Mobile - iOS,04-03-2025,High
5954,2954,45,Female,Chennai,Clothing,Samsung,20298.51,5,20,4059.7,81194.05,UPI,Mobile - Android,22-06-2025,High
5955,2955,44,Male,Hyderabad,Clothing,Sony,65002.1,2,10,6500.21,117003.78,COD,Laptop - Windows,08-12-2025,High
5956,2956,43,Female,Delhi,Electronics,Samsung,36800.18,1,5,1840.01,34960.17,COD,Tablet - Android,02-04-2025,Medium
5957,2957,46,Female,Pune,Beauty,Sony,63813.44,4,20,12762.69,204203,UPI,Mobile - Android,17-04-2025,High
5958,2958,44,Male,Bangalore,Home,Boat,23215.21,4,15,3482.28,78931.72,Card,Tablet - iPad,14-12-2025,High
5959,2959,34,Male,Bangalore,Home,Zara,5543.49,4,40,2217.4,13304.36,UPI,Laptop - Windows,13-07-2025,Low
5960,2960,55,Male,Delhi,Electronics,Samsung,76748.88,1,10,7674.89,69073.99,Card,Laptop - Windows,01-04-2025,High
5961,2961,33,Male,Pune,Sports,Boat,26816,1,25,6704,20112,COD,Tablet - iPad,16-11-2025,Medium
5962,2962,26,Female,Chennai,Clothing,Boat,50277.07,2,20,10055.41,80443.32,Card,Tablet - iPad,21-02-2025,High
5963,2963,49,Male,Mumbai,Clothing,Samsung,33693.23,2,40,13477.29,40431.88,COD,Tablet - Android,17-06-2025,Medium
5964,2964,18,Male,Hyderabad,Sports,Sony,59185.93,2,15,8877.89,100616.08,UPI,Tablet - iPad,02-04-2025,High
5965,2965,26,Male,Pune,Clothing,Adidas,51087.35,5,25,12771.84,191577.55,COD,Mobile - iOS,27-07-2025,High
5966,2966,24,Male,Hyderabad,Sports,Sony,48482.86,4,30,14544.86,135752,UPI,Laptop - Windows,20-06-2025,High
5967,2967,61,Female,Mumbai,Home,Sony,14899.17,5,30,4469.75,52147.1,COD,Mobile - Android,13-02-2025,High
5968,2968,54,Female,Hyderabad,Electronics,Boat,55611.02,1,30,16683.31,38927.71,COD,Tablet - iPad,06-06-2025,Medium
5969,2969,57,Female,Bangalore,Sports,Boat,49964.34,1,20,9992.87,39971.47,COD,Mobile - Android,15-09-2025,Medium
5970,2970,62,Female,Pune,Sports,Sony,33089.75,3,0,0,99269.25,Card,Mobile - Android,26-10-2025,High
5971,2971,23,Female,Hyderabad,Electronics,Sony,26431.53,1,0,0,26431.53,UPI,Mobile - Android,15-10-2025,Medium
5972,2972,54,Male,Delhi,Sports,Apple,66986.87,4,5,3349.34,254550.12,UPI,Tablet - iPad,02-07-2025,High
5973,2973,56,Female,Pune,Home,Adidas,13916.01,5,0,0,69580.05,Card,Laptop - Windows,31-03-2025,High
5974,2974,21,Female,Bangalore,Sports,Apple,54680.78,4,20,10936.16,174978.48,COD,Mobile - Android,02-01-2025,High
5975,2975,54,Male,Bangalore,Sports,Nike,26536.11,2,20,5307.22,42457.78,UPI,Tablet - Android,21-03-2025,Medium
5976,2976,27,Male,Bangalore,Electronics,Sony,29454.86,3,25,7363.72,66273.42,UPI,Tablet - iPad,23-06-2025,High
5977,2977,27,Male,Pune,Beauty,Nike,34594.83,4,25,8648.71,103784.48,Card,Tablet - Android,10-07-2025,High
5978,2978,52,Female,Chennai,Beauty,Adidas,72122.79,3,25,18030.7,162276.27,UPI,Mobile - iOS,26-01-2025,High
5979,2979,25,Male,Hyderabad,Electronics,Nike,1440.08,3,15,216.01,3672.21,UPI,Laptop - Windows,08-09-2025,Low
5980,2980,40,Female,Chennai,Beauty,Samsung,4324.14,3,30,1297.24,9080.7,UPI,Mobile - iOS,06-06-2025,Low
5981,2981,24,Female,Hyderabad,Beauty,Adidas,52267.8,5,40,20907.12,156803.4,UPI,Mobile - Android,24-02-2025,High
5982,2982,19,Female,Delhi,Electronics,Apple,3535.25,1,30,1060.58,2474.67,Card,Laptop - Windows,20-08-2025,Low
5983,2983,55,Female,Chennai,Electronics,Nike,55656.75,3,30,16697.02,116879.19,COD,Tablet - Android,06-01-2025,High
5984,2984,37,Male,Mumbai,Sports,Adidas,49524.23,2,5,2476.21,94096.04,COD,Mobile - Android,04-08-2025,High
5985,2985,48,Male,Chennai,Electronics,Apple,59878.42,3,20,11975.68,143708.22,UPI,Tablet - iPad,17-07-2025,High
5986,2986,47,Male,Delhi,Electronics,Nike,538.57,3,15,80.79,1373.34,Card,Tablet - Android,01-04-2025,Low
5987,2987,42,Male,Pune,Clothing,Samsung,27603.56,3,20,5520.71,66248.55,COD,Tablet - iPad,09-10-2025,High
5988,2988,27,Female,Chennai,Sports,Apple,27508.57,5,5,1375.43,130665.7,Card,Laptop - Mac,22-01-2025,High
5989,2989,34,Female,Delhi,Electronics,Zara,1059.02,5,25,264.76,3971.3,Card,Tablet - iPad,13-10-2025,Low
5990,2990,26,Female,Hyderabad,Electronics,Boat,14805,3,25,3701.25,33311.25,Card,Laptop - Mac,02-03-2025,Medium
5991,2991,60,Male,Chennai,Sports,Samsung,38153.22,4,40,15261.29,91567.72,UPI,Laptop - Windows,12-05-2025,High
5992,2992,49,Male,Hyderabad,Sports,Puma,14303.82,1,5,715.19,13588.63,Card,Mobile - iOS,01-06-2025,Low
5993,2993,41,Male,Pune,Sports,Boat,14986.48,3,40,5994.59,26975.67,COD,Mobile - iOS,12-07-2025,Medium
5994,2994,33,Female,Hyderabad,Electronics,Zara,48779.37,2,25,12194.84,73169.06,UPI,Laptop - Windows,04-06-2025,High
5995,2995,63,Female,Mumbai,Electronics,Sony,22999.24,2,15,3449.89,39098.7,UPI,Mobile - Android,09-09-2025,Medium
5996,2996,29,Male,Chennai,Home,Adidas,29287.31,2,10,2928.73,52717.16,UPI,Mobile - iOS,06-08-2025,High
5997,2997,52,Male,Bangalore,Sports,Adidas,29326.64,5,30,8797.99,102643.25,COD,Laptop - Windows,17-10-2025,High
5998,2998,60,Male,Delhi,Home,Adidas,19130.95,2,0,0,38261.9,COD,Mobile - iOS,04-08-2025,Medium
5999,2999,64,Female,Pune,Clothing,Puma,26447.08,4,20,5289.42,84630.64,COD,Tablet - Android,16-02-2025,High
6000,3000,63,Female,Delhi,Home,Adidas,17926.87,1,40,7170.75,10756.12,UPI,Mobile - Android,24-08-2025,Low
6001,3001,34,Male,Bangalore,Sports,Samsung,33875.81,2,10,3387.58,60976.46,UPI,Laptop - Windows,05-10-2025,High
6002,3002,46,Female,Chennai,Sports,Puma,17000.86,3,10,1700.09,45902.31,Card,Laptop - Windows,26-08-2025,Medium
6003,3003,53,Male,Pune,Sports,Boat,10049.37,3,30,3014.81,21103.68,COD,Laptop - Mac,15-02-2025,Medium
6004,3004,52,Male,Hyderabad,Sports,Sony,61866.4,3,15,9279.96,157759.32,COD,Tablet - Android,09-06-2025,High
6005,3005,21,Female,Bangalore,Electronics,Samsung,71061.29,4,20,14212.26,227396.12,Card,Tablet - iPad,11-10-2025,High
6006,3006,24,Female,Hyderabad,Beauty,Boat,72025.75,4,0,0,288103,UPI,Mobile - iOS,21-10-2025,High
6007,3007,36,Male,Hyderabad,Electronics,Adidas,18904.04,1,40,7561.62,11342.42,COD,Laptop - Windows,14-11-2025,Low
6008,3008,64,Male,Delhi,Sports,Sony,64184.43,5,5,3209.22,304876.05,COD,Laptop - Windows,23-05-2025,High
6009,3009,45,Female,Mumbai,Clothing,Samsung,35251.01,4,10,3525.1,126903.64,UPI,Tablet - Android,11-05-2025,High
6010,3010,58,Male,Chennai,Electronics,Adidas,20437.44,3,25,5109.36,45984.24,COD,Mobile - Android,07-08-2025,Medium
6011,3011,39,Male,Bangalore,Sports,Zara,14535.89,3,5,726.79,41427.3,UPI,Laptop - Windows,04-03-2025,Medium
6012,3012,38,Male,Hyderabad,Electronics,Samsung,5511.96,4,20,1102.39,17638.28,UPI,Tablet - iPad,12-06-2025,Low
6013,3013,22,Male,Hyderabad,Electronics,Puma,40083.34,5,20,8016.67,160333.35,COD,Tablet - Android,06-09-2025,High
6014,3014,62,Female,Pune,Beauty,Nike,50539.13,4,10,5053.91,181940.88,UPI,Mobile - iOS,01-03-2025,High
6015,3015,49,Female,Hyderabad,Clothing,Adidas,61607.06,1,0,0,61607.06,Card,Laptop - Mac,27-02-2025,High
6016,3016,18,Female,Mumbai,Beauty,Zara,60079.64,1,10,6007.96,54071.68,COD,Mobile - iOS,06-04-2025,High
6017,3017,37,Male,Bangalore,Sports,Apple,66329.29,4,0,0,265317.16,Card,Laptop - Windows,19-03-2025,High
6018,3018,45,Male,Hyderabad,Beauty,Nike,18346.24,5,30,5503.87,64211.85,UPI,Laptop - Windows,18-12-2025,High
6019,3019,61,Female,Pune,Electronics,Apple,62170.77,4,15,9325.62,211380.6,Card,Laptop - Windows,08-01-2025,High
6020,3020,54,Female,Chennai,Clothing,Nike,14587.83,1,30,4376.35,10211.48,COD,Laptop - Windows,13-07-2025,Low
6021,3021,29,Female,Chennai,Home,Sony,51885.85,2,5,2594.29,98583.12,Card,Mobile - Android,18-09-2025,High
6022,3022,35,Male,Pune,Beauty,Sony,68069.77,3,25,17017.44,153156.99,Card,Laptop - Windows,23-03-2025,High
6023,3023,62,Male,Delhi,Beauty,Nike,302.77,4,10,30.28,1089.96,COD,Laptop - Windows,13-03-2025,Low
6024,3024,22,Male,Bangalore,Electronics,Zara,79292.05,4,20,15858.41,253734.56,UPI,Laptop - Mac,24-11-2025,High
6025,3025,48,Female,Hyderabad,Home,Boat,2604.15,5,10,260.42,11718.65,COD,Laptop - Mac,24-08-2025,Low
6026,3026,19,Female,Chennai,Beauty,Apple,51522.65,5,30,15456.8,180329.25,Card,Mobile - iOS,28-05-2025,High
6027,3027,62,Male,Hyderabad,Electronics,Nike,11381.46,1,5,569.07,10812.39,Card,Laptop - Windows,02-07-2025,Low
6028,3028,26,Female,Bangalore,Beauty,Apple,79841.99,3,20,15968.4,191620.77,COD,Laptop - Mac,14-12-2025,High
6029,3029,19,Male,Chennai,Electronics,Adidas,7211.73,3,20,1442.35,17308.14,Card,Tablet - Android,02-11-2025,Low
6030,3030,35,Male,Mumbai,Electronics,Samsung,78658.08,2,15,11798.71,133718.74,UPI,Tablet - iPad,22-01-2025,High
6031,3031,52,Female,Bangalore,Clothing,Zara,32753.8,5,0,0,163769,UPI,Tablet - iPad,15-01-2025,High
6032,3032,61,Male,Chennai,Beauty,Adidas,14665.02,2,40,5866.01,17598.02,UPI,Laptop - Windows,06-12-2025,Low
6033,3033,42,Female,Delhi,Beauty,Puma,20474.27,1,30,6142.28,14331.99,COD,Laptop - Windows,12-08-2025,Low
6034,3034,33,Female,Delhi,Electronics,Apple,46468.39,5,30,13940.52,162639.35,Card,Laptop - Windows,10-08-2025,High
6035,3035,58,Male,Delhi,Beauty,Puma,1931.15,5,5,96.56,9172.95,UPI,Laptop - Windows,19-07-2025,Low
6036,3036,61,Male,Delhi,Sports,Sony,70303.15,3,25,17575.79,158182.08,Card,Mobile - Android,23-05-2025,High
6037,3037,63,Female,Hyderabad,Sports,Puma,27662.45,3,15,4149.37,70539.24,Card,Mobile - Android,11-12-2025,High
6038,3038,37,Female,Delhi,Home,Zara,19917.48,4,15,2987.62,67719.44,Card,Tablet - iPad,21-02-2025,High
6039,3039,21,Male,Pune,Sports,Puma,36031.17,1,30,10809.35,25221.82,COD,Mobile - iOS,11-05-2025,Medium
6040,3040,49,Female,Bangalore,Beauty,Adidas,12052.1,3,10,1205.21,32540.67,Card,Tablet - iPad,16-02-2025,Medium
6041,3041,37,Male,Hyderabad,Electronics,Zara,71703.2,3,30,21510.96,150576.72,COD,Tablet - iPad,31-08-2025,High
6042,3042,56,Male,Delhi,Electronics,Adidas,79372.74,4,5,3968.64,301616.4,COD,Tablet - iPad,14-03-2025,High
6043,3043,32,Female,Hyderabad,Home,Sony,30998.2,5,10,3099.82,139491.9,UPI,Laptop - Mac,22-09-2025,High
6044,3044,35,Female,Pune,Beauty,Boat,4952.35,5,15,742.85,21047.5,UPI,Laptop - Windows,24-01-2025,Medium
6045,3045,24,Male,Hyderabad,Beauty,Sony,79263.45,4,30,23779.04,221937.64,UPI,Tablet - iPad,25-12-2025,High
6046,3046,20,Male,Bangalore,Home,Boat,65564.85,5,30,19669.46,229476.95,UPI,Laptop - Windows,04-12-2025,High
6047,3047,25,Male,Bangalore,Electronics,Apple,49472.9,3,30,14841.87,103893.09,UPI,Laptop - Windows,06-01-2025,High
6048,3048,46,Male,Pune,Sports,Zara,67879.61,3,40,27151.84,122183.31,UPI,Laptop - Mac,09-09-2025,High
6049,3049,25,Female,Mumbai,Clothing,Sony,55050.47,5,5,2752.52,261489.75,Card,Tablet - Android,15-07-2025,High
6050,3050,18,Female,Delhi,Beauty,Sony,52009.22,5,40,20803.69,156027.65,COD,Tablet - Android,07-09-2025,High
6051,3051,60,Male,Chennai,Clothing,Adidas,9774.65,3,15,1466.2,24925.35,COD,Laptop - Mac,06-12-2025,Medium
6052,3052,38,Male,Chennai,Electronics,Samsung,66368.55,3,5,3318.43,189150.36,COD,Tablet - Android,23-03-2025,High
6053,3053,56,Male,Mumbai,Beauty,Samsung,71178.71,1,40,28471.48,42707.23,UPI,Tablet - iPad,24-02-2025,Medium
6054,3054,62,Female,Pune,Beauty,Sony,54128.14,3,10,5412.81,146145.99,COD,Mobile - Android,29-12-2025,High
6055,3055,19,Female,Chennai,Clothing,Boat,2515.68,4,15,377.35,8553.32,UPI,Laptop - Windows,14-12-2025,Low
6056,3056,51,Male,Pune,Home,Apple,36894.05,5,0,0,184470.25,COD,Mobile - iOS,13-05-2025,High
6057,3057,38,Male,Hyderabad,Electronics,Sony,76616.43,4,5,3830.82,291142.44,COD,Mobile - iOS,16-03-2025,High
6058,3058,50,Female,Hyderabad,Home,Puma,71285.83,3,5,3564.29,203164.62,COD,Mobile - Android,12-01-2025,High
6059,3059,56,Female,Mumbai,Electronics,Adidas,68565.67,3,40,27426.27,123418.2,UPI,Laptop - Mac,08-01-2025,High
6060,3060,57,Female,Hyderabad,Home,Samsung,42443.1,1,5,2122.16,40320.94,UPI,Mobile - iOS,11-02-2025,Medium
6061,3061,24,Female,Bangalore,Home,Boat,13146.68,2,30,3944,18405.36,COD,Laptop - Windows,16-01-2025,Low
6062,3062,32,Male,Mumbai,Home,Nike,32069.99,5,25,8017.5,120262.45,COD,Mobile - iOS,19-10-2025,High
6063,3063,26,Female,Hyderabad,Sports,Puma,62146.97,2,25,15536.74,93220.46,Card,Laptop - Mac,15-05-2025,High
6064,3064,47,Male,Bangalore,Clothing,Nike,66372.97,5,0,0,331864.85,UPI,Laptop - Windows,25-04-2025,High
6065,3065,61,Female,Delhi,Clothing,Adidas,75583.98,2,5,3779.2,143609.56,COD,Laptop - Windows,25-02-2025,High
6066,3066,34,Female,Mumbai,Clothing,Adidas,38984.34,5,20,7796.87,155937.35,Card,Mobile - Android,20-07-2025,High
6067,3067,55,Male,Chennai,Electronics,Nike,52653.97,5,30,15796.19,184288.9,Card,Mobile - Android,26-07-2025,High
6068,3068,58,Female,Bangalore,Electronics,Apple,11973.64,3,5,598.68,34124.88,COD,Tablet - Android,03-07-2025,Medium
6069,3069,56,Female,Mumbai,Electronics,Samsung,50238.37,3,40,20095.35,90429.06,Card,Mobile - iOS,25-01-2025,High
6070,3070,38,Male,Mumbai,Beauty,Puma,43933.58,3,25,10983.4,98850.54,Card,Laptop - Windows,07-12-2025,High
6071,3071,20,Female,Bangalore,Sports,Sony,30797.84,3,15,4619.68,78534.48,COD,Mobile - iOS,07-10-2025,High
6072,3072,54,Female,Pune,Beauty,Boat,8220,2,0,0,16440,UPI,Mobile - iOS,08-12-2025,Low
6073,3073,34,Female,Delhi,Clothing,Puma,5971.19,5,20,1194.24,23884.75,Card,Tablet - iPad,08-04-2025,Medium
6074,3074,34,Female,Pune,Home,Zara,35539.82,3,25,8884.96,79964.58,COD,Tablet - Android,01-03-2025,High
6075,3075,28,Male,Bangalore,Sports,Apple,41002.05,3,5,2050.1,116855.85,UPI,Laptop - Mac,13-12-2025,High
6076,3076,27,Male,Hyderabad,Beauty,Apple,6997.42,2,25,1749.36,10496.12,Card,Mobile - iOS,27-01-2025,Low
6077,3077,18,Female,Mumbai,Beauty,Apple,21702.12,2,5,1085.11,41234.02,COD,Mobile - iOS,25-12-2025,Medium
6078,3078,27,Male,Mumbai,Beauty,Puma,58051.98,4,0,0,232207.92,COD,Laptop - Mac,05-01-2025,High
6079,3079,42,Female,Chennai,Beauty,Nike,62815.21,3,15,9422.28,160178.79,COD,Mobile - Android,04-08-2025,High
6080,3080,33,Female,Bangalore,Clothing,Adidas,57789.99,2,5,2889.5,109800.98,Card,Mobile - iOS,31-07-2025,High
6081,3081,55,Female,Chennai,Beauty,Boat,22463.57,2,20,4492.71,35941.72,UPI,Laptop - Mac,17-09-2025,Medium
6082,3082,49,Female,Bangalore,Electronics,Samsung,77423.96,5,0,0,387119.8,Card,Laptop - Windows,07-05-2025,High
6083,3083,42,Female,Bangalore,Beauty,Samsung,26282.85,5,15,3942.43,111702.1,COD,Mobile - Android,09-06-2025,High
6084,3084,30,Female,Bangalore,Electronics,Nike,67877.7,5,25,16969.42,254541.4,COD,Laptop - Windows,24-11-2025,High
6085,3085,60,Male,Mumbai,Home,Samsung,54817.4,5,15,8222.61,232973.95,UPI,Mobile - iOS,07-10-2025,High
6086,3086,33,Female,Delhi,Sports,Zara,33172.46,1,25,8293.12,24879.34,Card,Mobile - iOS,31-10-2025,Medium
6087,3087,58,Male,Bangalore,Beauty,Nike,26719.35,4,15,4007.9,90845.8,UPI,Mobile - iOS,06-04-2025,High
6088,3088,37,Male,Pune,Home,Puma,48685.6,5,5,2434.28,231256.6,COD,Laptop - Mac,06-09-2025,High
6089,3089,45,Female,Bangalore,Sports,Puma,18548.68,2,0,0,37097.36,Card,Tablet - iPad,09-05-2025,Medium
6090,3090,25,Female,Mumbai,Beauty,Sony,36395.64,4,10,3639.56,131024.32,Card,Tablet - Android,18-01-2025,High
6091,3091,48,Female,Bangalore,Home,Zara,47468.27,3,25,11867.07,106803.6,Card,Mobile - iOS,16-07-2025,High
6092,3092,45,Male,Delhi,Electronics,Adidas,59390.57,1,20,11878.11,47512.46,UPI,Laptop - Windows,05-10-2025,Medium
6093,3093,46,Male,Mumbai,Beauty,Puma,17792.71,2,15,2668.91,30247.6,Card,Mobile - iOS,27-11-2025,Medium
6094,3094,59,Female,Hyderabad,Home,Nike,5519.5,4,30,1655.85,15454.6,Card,Laptop - Windows,09-07-2025,Low
6095,3095,51,Female,Chennai,Home,Nike,15024.59,1,40,6009.84,9014.75,COD,Mobile - Android,18-06-2025,Low
6096,3096,54,Male,Mumbai,Clothing,Apple,50986.53,5,40,20394.61,152959.6,UPI,Mobile - iOS,23-01-2025,High
6097,3097,59,Male,Chennai,Beauty,Puma,64308.23,3,0,0,192924.69,UPI,Mobile - Android,02-04-2025,High
6098,3098,37,Male,Pune,Beauty,Samsung,17573.64,1,10,1757.36,15816.28,UPI,Laptop - Mac,08-09-2025,Low
6099,3099,22,Female,Hyderabad,Home,Samsung,44920.9,2,10,4492.09,80857.62,Card,Mobile - Android,21-08-2025,High
6100,3100,44,Female,Pune,Sports,Samsung,31233.65,1,30,9370.09,21863.56,COD,Mobile - iOS,11-04-2025,Medium
6101,3101,54,Male,Hyderabad,Beauty,Puma,2247.65,1,20,449.53,1798.12,Card,Tablet - iPad,01-10-2025,Low
6102,3102,54,Male,Pune,Beauty,Puma,7370.65,5,5,368.53,35010.6,UPI,Mobile - iOS,15-01-2025,Medium
6103,3103,48,Male,Delhi,Beauty,Sony,2620.11,5,40,1048.04,7860.35,Card,Tablet - Android,26-09-2025,Low
6104,3104,50,Male,Hyderabad,Clothing,Zara,38806.44,3,10,3880.64,104777.4,UPI,Laptop - Mac,22-01-2025,High
6105,3105,49,Male,Hyderabad,Home,Boat,58677.57,3,15,8801.64,149627.79,UPI,Tablet - Android,22-11-2025,High
6106,3106,34,Female,Hyderabad,Electronics,Samsung,4968.97,5,40,1987.59,14906.9,COD,Tablet - iPad,07-10-2025,Low
6107,3107,60,Male,Pune,Home,Boat,22194.47,2,5,1109.72,42169.5,Card,Tablet - Android,22-03-2025,Medium
6108,3108,40,Female,Chennai,Electronics,Zara,2797.34,3,20,559.47,6713.61,COD,Laptop - Mac,24-01-2025,Low
6109,3109,62,Female,Chennai,Clothing,Sony,15484.08,4,30,4645.22,43355.44,UPI,Tablet - Android,04-07-2025,Medium
6110,3110,58,Female,Hyderabad,Clothing,Boat,49540.32,3,5,2477.02,141189.9,Card,Mobile - iOS,15-12-2025,High
6111,3111,54,Male,Chennai,Beauty,Sony,35037.52,5,20,7007.5,140150.1,Card,Laptop - Mac,10-03-2025,High
6112,3112,34,Male,Hyderabad,Home,Adidas,19900.27,2,0,0,39800.54,UPI,Tablet - Android,13-10-2025,Medium
6113,3113,35,Female,Chennai,Electronics,Nike,22058.04,2,25,5514.51,33087.06,UPI,Laptop - Mac,09-05-2025,Medium
6114,3114,31,Male,Pune,Home,Zara,10216.56,2,5,510.83,19411.46,Card,Mobile - iOS,20-09-2025,Low
6115,3115,33,Female,Delhi,Clothing,Samsung,51050.84,1,30,15315.25,35735.59,UPI,Mobile - Android,16-10-2025,Medium
6116,3116,41,Female,Mumbai,Sports,Sony,62230.79,2,15,9334.62,105792.34,COD,Mobile - iOS,12-05-2025,High
6117,3117,56,Female,Hyderabad,Home,Boat,46503.54,1,25,11625.88,34877.66,COD,Mobile - iOS,09-04-2025,Medium
6118,3118,20,Male,Pune,Clothing,Sony,32298.14,4,0,0,129192.56,COD,Laptop - Mac,27-04-2025,High
6119,3119,30,Female,Bangalore,Clothing,Apple,14182.15,1,25,3545.54,10636.61,UPI,Tablet - Android,12-09-2025,Low
6120,3120,56,Female,Delhi,Sports,Adidas,58206.17,1,0,0,58206.17,COD,Tablet - Android,14-04-2025,High
6121,3121,38,Male,Hyderabad,Sports,Apple,8064.38,1,30,2419.31,5645.07,Card,Tablet - Android,08-11-2025,Low
6122,3122,36,Male,Hyderabad,Electronics,Zara,19102.87,5,15,2865.43,81187.2,UPI,Laptop - Mac,16-10-2025,High
6123,3123,33,Male,Chennai,Beauty,Boat,56229.69,1,30,16868.91,39360.78,Card,Laptop - Mac,23-03-2025,Medium
6124,3124,45,Male,Hyderabad,Clothing,Apple,3213.97,1,5,160.7,3053.27,UPI,Tablet - Android,27-10-2025,Low
6125,3125,22,Female,Bangalore,Electronics,Puma,42775.18,4,30,12832.55,119770.52,COD,Tablet - Android,28-07-2025,High
6126,3126,25,Male,Bangalore,Sports,Boat,10953.93,2,5,547.7,20812.46,COD,Laptop - Mac,21-12-2025,Medium
6127,3127,32,Female,Chennai,Home,Puma,49630.65,2,15,7444.6,84372.1,Card,Tablet - Android,05-01-2025,High
6128,3128,26,Male,Hyderabad,Home,Apple,74435.14,4,25,18608.78,223305.44,UPI,Laptop - Windows,26-01-2025,High
6129,3129,35,Male,Chennai,Beauty,Sony,33859.87,1,40,13543.95,20315.92,COD,Tablet - Android,30-11-2025,Medium
6130,3130,37,Female,Delhi,Electronics,Apple,5417.62,3,20,1083.52,13002.3,COD,Mobile - Android,17-11-2025,Low
6131,3131,53,Female,Mumbai,Home,Boat,2540.25,4,40,1016.1,6096.6,UPI,Tablet - iPad,25-10-2025,Low
6132,3132,62,Female,Bangalore,Sports,Zara,75159.27,1,25,18789.82,56369.45,UPI,Tablet - Android,29-07-2025,High
6133,3133,61,Female,Hyderabad,Electronics,Nike,37531.18,2,5,1876.56,71309.24,Card,Laptop - Mac,20-05-2025,High
6134,3134,43,Female,Pune,Clothing,Puma,72519.58,1,10,7251.96,65267.62,UPI,Laptop - Mac,08-04-2025,High
6135,3135,19,Female,Hyderabad,Sports,Sony,32993.74,2,40,13197.5,39592.48,COD,Mobile - Android,24-12-2025,Medium
6136,3136,55,Female,Hyderabad,Electronics,Zara,24626.3,3,0,0,73878.9,UPI,Laptop - Windows,12-06-2025,High
6137,3137,23,Female,Delhi,Sports,Zara,22076.52,4,40,8830.61,52983.64,COD,Laptop - Windows,11-12-2025,High
6138,3138,20,Female,Mumbai,Sports,Boat,40854.88,3,20,8170.98,98051.7,COD,Laptop - Mac,30-06-2025,High
6139,3139,38,Male,Chennai,Sports,Zara,59888.96,2,0,0,119777.92,COD,Mobile - iOS,05-09-2025,High
6140,3140,40,Male,Bangalore,Electronics,Adidas,48287.96,3,30,14486.39,101404.71,Card,Mobile - Android,23-05-2025,High
6141,3141,43,Female,Pune,Electronics,Boat,49761.3,4,25,12440.32,149283.92,UPI,Mobile - iOS,22-07-2025,High
6142,3142,39,Female,Delhi,Clothing,Samsung,11701.8,1,0,0,11701.8,COD,Mobile - Android,11-12-2025,Low
6143,3143,37,Female,Delhi,Home,Puma,47564.96,1,5,2378.25,45186.71,UPI,Laptop - Windows,02-02-2025,Medium
6144,3144,62,Female,Chennai,Beauty,Boat,17413.49,5,0,0,87067.45,COD,Laptop - Mac,12-05-2025,High
6145,3145,47,Female,Chennai,Electronics,Sony,62912.38,4,0,0,251649.52,COD,Tablet - Android,04-07-2025,High
6146,3146,49,Female,Delhi,Beauty,Nike,15372.42,5,20,3074.48,61489.7,UPI,Laptop - Windows,04-11-2025,High
6147,3147,19,Female,Delhi,Clothing,Zara,24049.83,1,25,6012.46,18037.37,Card,Tablet - iPad,18-11-2025,Low
6148,3148,57,Male,Delhi,Beauty,Samsung,7484.63,5,20,1496.93,29938.5,UPI,Mobile - Android,18-08-2025,Medium
6149,3149,56,Female,Chennai,Sports,Sony,72395.83,2,40,28958.33,86875,UPI,Tablet - iPad,26-11-2025,High
6150,3150,55,Female,Chennai,Beauty,Boat,18622.36,1,15,2793.35,15829.01,UPI,Laptop - Mac,06-08-2025,Low
6151,3151,47,Male,Chennai,Clothing,Nike,7528.38,2,5,376.42,14303.92,COD,Mobile - Android,13-07-2025,Low
6152,3152,49,Male,Chennai,Home,Adidas,21099.48,2,40,8439.79,25319.38,Card,Tablet - Android,05-03-2025,Medium
6153,3153,44,Male,Delhi,Electronics,Boat,31553.12,3,0,0,94659.36,UPI,Laptop - Windows,30-09-2025,High
6154,3154,29,Female,Mumbai,Electronics,Puma,15018.09,5,15,2252.71,63826.9,UPI,Mobile - iOS,03-03-2025,High
6155,3155,63,Female,Mumbai,Beauty,Puma,37764.07,4,15,5664.61,128397.84,Card,Tablet - iPad,15-10-2025,High
6156,3156,40,Female,Pune,Home,Boat,78871.47,5,40,31548.59,236614.4,COD,Mobile - Android,10-06-2025,High
6157,3157,32,Male,Delhi,Beauty,Samsung,77062.17,4,0,0,308248.68,UPI,Mobile - Android,17-01-2025,High
6158,3158,52,Male,Bangalore,Beauty,Sony,13365.35,4,25,3341.34,40096.04,UPI,Mobile - Android,13-01-2025,Medium
6159,3159,58,Male,Delhi,Home,Adidas,58625.94,5,5,2931.3,278473.2,Card,Laptop - Windows,24-01-2025,High
6160,3160,60,Male,Pune,Sports,Puma,18667.6,1,40,7467.04,11200.56,Card,Mobile - Android,04-05-2025,Low
6161,3161,20,Female,Chennai,Beauty,Boat,76426.2,5,5,3821.31,363024.45,Card,Tablet - Android,19-03-2025,High
6162,3162,32,Female,Pune,Clothing,Sony,33421.02,4,5,1671.05,126999.88,UPI,Laptop - Windows,08-10-2025,High
6163,3163,22,Male,Pune,Home,Puma,30411.88,1,40,12164.75,18247.13,COD,Laptop - Windows,26-09-2025,Low
6164,3164,45,Male,Pune,Clothing,Nike,78569.61,4,30,23570.88,219994.92,Card,Laptop - Mac,24-09-2025,High
6165,3165,57,Female,Chennai,Home,Boat,41516.63,1,25,10379.16,31137.47,UPI,Laptop - Mac,19-06-2025,Medium
6166,3166,27,Male,Bangalore,Home,Boat,13633.31,1,30,4089.99,9543.32,Card,Mobile - Android,19-10-2025,Low
6167,3167,63,Female,Hyderabad,Home,Zara,46312.63,3,15,6946.89,118097.22,Card,Laptop - Windows,29-06-2025,High
6168,3168,39,Female,Mumbai,Clothing,Sony,58520.59,1,30,17556.18,40964.41,Card,Tablet - iPad,31-05-2025,Medium
6169,3169,20,Female,Pune,Electronics,Puma,55993.87,1,20,11198.77,44795.1,Card,Tablet - Android,02-03-2025,Medium
6170,3170,56,Female,Bangalore,Sports,Nike,59403.91,5,20,11880.78,237615.65,Card,Tablet - Android,01-01-2025,High
6171,3171,55,Female,Mumbai,Clothing,Nike,60732.53,1,20,12146.51,48586.02,Card,Laptop - Mac,08-01-2025,Medium
6172,3172,53,Male,Pune,Beauty,Adidas,75298.62,4,30,22589.59,210836.12,COD,Mobile - Android,29-11-2025,High
6173,3173,61,Male,Chennai,Clothing,Apple,47336.31,1,25,11834.08,35502.23,COD,Laptop - Mac,29-11-2025,Medium
6174,3174,19,Male,Delhi,Electronics,Zara,42720.77,3,25,10680.19,96121.74,COD,Mobile - iOS,16-09-2025,High
6175,3175,42,Female,Chennai,Electronics,Sony,63922.74,2,20,12784.55,102276.38,UPI,Laptop - Mac,19-09-2025,High
6176,3176,55,Male,Pune,Beauty,Zara,6877.73,4,30,2063.32,19257.64,COD,Laptop - Mac,18-03-2025,Low
6177,3177,47,Male,Chennai,Home,Sony,29407.07,5,20,5881.41,117628.3,COD,Laptop - Mac,08-01-2025,High
6178,3178,23,Male,Delhi,Sports,Apple,49732,1,15,7459.8,42272.2,COD,Tablet - Android,10-01-2025,Medium
6179,3179,32,Female,Pune,Electronics,Apple,32790.34,1,0,0,32790.34,Card,Mobile - iOS,28-10-2025,Medium
6180,3180,38,Female,Mumbai,Sports,Samsung,58304.57,1,5,2915.23,55389.34,COD,Mobile - iOS,12-09-2025,High
6181,3181,37,Male,Hyderabad,Electronics,Sony,43547.48,4,40,17418.99,104513.96,Card,Mobile - Android,22-01-2025,High
6182,3182,30,Male,Bangalore,Sports,Sony,59232.1,2,5,2961.6,112541,COD,Laptop - Windows,27-05-2025,High
6183,3183,28,Male,Delhi,Beauty,Sony,62765.85,3,0,0,188297.55,COD,Laptop - Windows,28-08-2025,High
6184,3184,21,Male,Hyderabad,Sports,Adidas,40650.94,3,20,8130.19,97562.25,UPI,Tablet - Android,10-06-2025,High
6185,3185,51,Female,Bangalore,Home,Samsung,59167.55,3,5,2958.38,168627.51,COD,Laptop - Windows,21-01-2025,High
6186,3186,31,Female,Delhi,Electronics,Boat,13766.06,3,0,0,41298.18,COD,Mobile - iOS,12-01-2025,Medium
6187,3187,55,Female,Bangalore,Clothing,Boat,29874.67,4,20,5974.93,95598.96,COD,Laptop - Mac,26-02-2025,High
6188,3188,29,Male,Delhi,Home,Adidas,61781.14,1,40,24712.46,37068.68,UPI,Tablet - Android,11-11-2025,Medium
6189,3189,31,Male,Chennai,Beauty,Samsung,1488.75,5,0,0,7443.75,Card,Mobile - iOS,02-02-2025,Low
6190,3190,31,Male,Bangalore,Sports,Sony,20385.14,3,20,4077.03,48924.33,Card,Tablet - iPad,27-04-2025,Medium
6191,3191,42,Female,Pune,Home,Nike,26615.23,2,25,6653.81,39922.84,UPI,Tablet - Android,07-02-2025,Medium
6192,3192,36,Female,Bangalore,Clothing,Boat,68890.62,3,0,0,206671.86,UPI,Laptop - Mac,16-04-2025,High
6193,3193,35,Male,Mumbai,Sports,Boat,9512.48,2,10,951.25,17122.46,UPI,Mobile - iOS,19-01-2025,Low
6194,3194,29,Female,Pune,Sports,Nike,18226.14,3,5,911.31,51944.49,Card,Tablet - Android,23-09-2025,High
6195,3195,20,Male,Delhi,Beauty,Sony,36801.28,5,40,14720.51,110403.85,Card,Mobile - Android,26-03-2025,High
6196,3196,54,Male,Chennai,Clothing,Adidas,33928.7,3,25,8482.17,76339.59,UPI,Laptop - Mac,20-05-2025,High
6197,3197,26,Female,Hyderabad,Beauty,Adidas,34913.21,1,40,13965.28,20947.93,UPI,Tablet - Android,20-01-2025,Medium
6198,3198,46,Male,Chennai,Electronics,Zara,27956.46,1,15,4193.47,23762.99,COD,Mobile - iOS,31-08-2025,Medium
6199,3199,45,Male,Bangalore,Beauty,Apple,6954.26,4,0,0,27817.04,COD,Mobile - iOS,06-06-2025,Medium
6200,3200,39,Female,Chennai,Beauty,Zara,36087.9,5,5,1804.4,171417.5,UPI,Laptop - Windows,25-10-2025,High
6201,3201,18,Female,Hyderabad,Electronics,Nike,26577.64,4,0,0,106310.56,Card,Mobile - iOS,20-08-2025,High
6202,3202,29,Female,Pune,Sports,Boat,57631.31,3,25,14407.83,129670.44,COD,Mobile - iOS,26-02-2025,High
6203,3203,21,Male,Bangalore,Electronics,Boat,78172,2,30,23451.6,109440.8,COD,Tablet - iPad,13-02-2025,High
6204,3204,41,Female,Pune,Beauty,Nike,49716.55,2,30,14914.96,69603.18,UPI,Mobile - Android,16-07-2025,High
6205,3205,20,Female,Mumbai,Home,Sony,51009.82,3,30,15302.95,107120.61,UPI,Laptop - Windows,15-05-2025,High
6206,3206,23,Female,Bangalore,Sports,Zara,4248.06,5,0,0,21240.3,Card,Tablet - Android,29-11-2025,Medium
6207,3207,18,Female,Chennai,Beauty,Samsung,50833.86,2,5,2541.69,96584.34,Card,Mobile - Android,16-11-2025,High
6208,3208,34,Female,Chennai,Sports,Apple,35536.91,2,0,0,71073.82,UPI,Laptop - Windows,12-04-2025,High
6209,3209,20,Male,Hyderabad,Sports,Boat,9722.05,3,0,0,29166.15,COD,Laptop - Mac,07-09-2025,Medium
6210,3210,20,Female,Delhi,Home,Sony,72606.15,5,0,0,363030.75,UPI,Mobile - Android,01-02-2025,High
6211,3211,26,Female,Pune,Home,Boat,36716.11,2,25,9179.03,55074.16,UPI,Tablet - iPad,25-09-2025,High
6212,3212,35,Male,Mumbai,Electronics,Adidas,75640.44,5,25,18910.11,283651.65,UPI,Mobile - iOS,31-01-2025,High
6213,3213,50,Male,Pune,Home,Boat,60731.91,1,20,12146.38,48585.53,Card,Tablet - iPad,28-02-2025,Medium
6214,3214,60,Female,Hyderabad,Sports,Sony,47917.57,1,15,7187.64,40729.93,UPI,Laptop - Windows,20-12-2025,Medium
6215,3215,43,Female,Hyderabad,Electronics,Zara,76554.45,3,10,7655.44,206697.03,Card,Laptop - Windows,02-05-2025,High
6216,3216,39,Male,Bangalore,Beauty,Nike,7294.53,3,20,1458.91,17506.86,COD,Laptop - Mac,13-11-2025,Low
6217,3217,18,Female,Hyderabad,Home,Puma,38053.11,3,40,15221.24,68495.61,COD,Laptop - Windows,30-11-2025,High
6218,3218,36,Male,Pune,Beauty,Zara,42300.29,1,10,4230.03,38070.26,Card,Mobile - Android,17-07-2025,Medium
6219,3219,23,Female,Pune,Beauty,Zara,31769.23,3,20,6353.85,76246.14,UPI,Laptop - Windows,04-08-2025,High
6220,3220,43,Male,Bangalore,Sports,Puma,63511.07,2,15,9526.66,107968.82,UPI,Laptop - Mac,06-11-2025,High
6221,3221,38,Male,Mumbai,Clothing,Nike,22839.47,4,20,4567.89,73086.32,COD,Laptop - Windows,01-10-2025,High
6222,3222,22,Male,Chennai,Beauty,Adidas,20844.4,3,20,4168.88,50026.56,UPI,Laptop - Mac,26-01-2025,High
6223,3223,35,Female,Mumbai,Sports,Adidas,6547.54,1,5,327.38,6220.16,UPI,Mobile - iOS,28-06-2025,Low
6224,3224,62,Male,Hyderabad,Sports,Puma,59844.3,5,0,0,299221.5,UPI,Laptop - Mac,18-03-2025,High
6225,3225,32,Female,Chennai,Beauty,Samsung,28073.83,3,30,8422.15,58955.04,COD,Laptop - Mac,13-02-2025,High
6226,3226,37,Male,Delhi,Electronics,Apple,12011.87,2,30,3603.56,16816.62,COD,Mobile - iOS,21-03-2025,Low
6227,3227,45,Male,Mumbai,Home,Nike,42702.28,2,0,0,85404.56,UPI,Mobile - iOS,24-04-2025,High
6228,3228,54,Female,Delhi,Sports,Puma,75019.42,3,20,15003.88,180046.62,COD,Laptop - Windows,19-12-2025,High
6229,3229,26,Female,Chennai,Sports,Nike,77485.1,1,30,23245.53,54239.57,Card,Tablet - Android,05-03-2025,High
6230,3230,43,Female,Mumbai,Sports,Puma,20255.9,3,0,0,60767.7,Card,Mobile - Android,05-04-2025,High
6231,3231,37,Male,Delhi,Sports,Puma,33317.22,4,5,1665.86,126605.44,UPI,Laptop - Mac,05-11-2025,High
6232,3232,60,Male,Pune,Electronics,Puma,15414.49,3,0,0,46243.47,UPI,Laptop - Windows,11-09-2025,Medium
6233,3233,24,Male,Hyderabad,Sports,Apple,39608.73,1,0,0,39608.73,Card,Tablet - iPad,09-12-2025,Medium
6234,3234,26,Female,Hyderabad,Beauty,Boat,46457.11,5,40,18582.84,139371.35,Card,Mobile - iOS,09-08-2025,High
6235,3235,50,Male,Delhi,Electronics,Nike,35239.25,4,30,10571.78,98669.88,UPI,Laptop - Mac,12-02-2025,High
6236,3236,39,Male,Hyderabad,Home,Nike,39820.67,2,30,11946.2,55748.94,COD,Laptop - Windows,04-10-2025,High
6237,3237,18,Female,Mumbai,Electronics,Puma,53174.3,3,30,15952.29,111666.03,UPI,Mobile - Android,26-07-2025,High
6238,3238,25,Female,Chennai,Clothing,Nike,29261.6,5,5,1463.08,138992.6,COD,Laptop - Mac,24-03-2025,High
6239,3239,51,Male,Mumbai,Beauty,Nike,63894.6,5,5,3194.73,303499.35,Card,Laptop - Mac,25-09-2025,High
6240,3240,56,Male,Bangalore,Sports,Zara,62854.67,2,5,3142.73,119423.88,Card,Mobile - iOS,16-01-2025,High
6241,3241,42,Male,Bangalore,Home,Adidas,15232.75,4,30,4569.82,42651.72,COD,Tablet - iPad,09-09-2025,Medium
6242,3242,50,Female,Pune,Sports,Sony,34971.58,5,40,13988.63,104914.75,Card,Mobile - iOS,03-06-2025,High
6243,3243,26,Female,Delhi,Beauty,Puma,74587.51,4,40,29835,179010.04,UPI,Tablet - Android,07-03-2025,High
6244,3244,61,Female,Chennai,Home,Samsung,10542.18,4,15,1581.33,35843.4,COD,Tablet - Android,26-08-2025,Medium
6245,3245,61,Female,Bangalore,Sports,Adidas,3070.02,4,5,153.5,11666.08,UPI,Tablet - Android,17-11-2025,Low
6246,3246,34,Female,Mumbai,Clothing,Samsung,51661.3,3,25,12915.32,116237.94,UPI,Laptop - Mac,05-11-2025,High
6247,3247,28,Female,Pune,Electronics,Zara,50318.36,2,10,5031.84,90573.04,COD,Laptop - Mac,03-02-2025,High
6248,3248,36,Female,Delhi,Sports,Sony,39357.61,1,0,0,39357.61,COD,Laptop - Mac,23-06-2025,Medium
6249,3249,39,Male,Chennai,Clothing,Samsung,71504.18,3,40,28601.67,128707.53,COD,Mobile - iOS,19-02-2025,High
6250,3250,26,Female,Chennai,Sports,Sony,47647.04,3,10,4764.7,128647.02,Card,Tablet - Android,08-07-2025,High
6251,3251,27,Male,Delhi,Electronics,Sony,49853.91,2,15,7478.09,84751.64,Card,Tablet - iPad,28-01-2025,High
6252,3252,42,Male,Delhi,Beauty,Boat,67125.13,2,0,0,134250.26,COD,Mobile - iOS,23-10-2025,High
6253,3253,38,Male,Chennai,Electronics,Puma,2609.67,4,25,652.42,7829,UPI,Laptop - Windows,11-03-2025,Low
6254,3254,28,Female,Hyderabad,Sports,Adidas,57682.63,1,20,11536.53,46146.1,Card,Laptop - Windows,17-10-2025,Medium
6255,3255,37,Female,Bangalore,Beauty,Samsung,7039.07,4,30,2111.72,19709.4,UPI,Tablet - iPad,26-09-2025,Low
6256,3256,29,Female,Bangalore,Electronics,Sony,30731.17,1,20,6146.23,24584.94,UPI,Tablet - iPad,27-04-2025,Medium
6257,3257,56,Male,Hyderabad,Sports,Adidas,40931.58,5,20,8186.32,163726.3,COD,Laptop - Windows,14-04-2025,High
6258,3258,32,Male,Hyderabad,Electronics,Apple,55225.24,5,10,5522.52,248513.6,UPI,Mobile - Android,30-04-2025,High
6259,3259,23,Female,Mumbai,Beauty,Samsung,5617.94,1,25,1404.48,4213.46,UPI,Mobile - Android,18-07-2025,Low
6260,3260,34,Male,Mumbai,Beauty,Boat,63249.51,1,20,12649.9,50599.61,COD,Mobile - Android,11-09-2025,High
6261,3261,22,Female,Delhi,Sports,Zara,53216.44,4,30,15964.93,149006.04,COD,Mobile - iOS,23-02-2025,High
6262,3262,32,Female,Hyderabad,Beauty,Adidas,13300.41,1,25,3325.1,9975.31,Card,Laptop - Mac,05-08-2025,Low
6263,3263,49,Female,Delhi,Beauty,Apple,50783.18,5,10,5078.32,228524.3,UPI,Tablet - iPad,14-02-2025,High
6264,3264,20,Male,Chennai,Electronics,Apple,57205.7,1,15,8580.86,48624.84,Card,Laptop - Windows,22-10-2025,Medium
6265,3265,20,Male,Pune,Beauty,Boat,38637.62,2,0,0,77275.24,COD,Laptop - Windows,04-04-2025,High
6266,3266,32,Female,Bangalore,Electronics,Nike,35187.78,3,5,1759.39,100285.17,UPI,Tablet - Android,03-12-2025,High
6267,3267,49,Male,Pune,Home,Nike,62252.59,4,20,12450.52,199208.28,COD,Tablet - Android,15-12-2025,High
6268,3268,25,Female,Mumbai,Clothing,Samsung,68554.57,4,30,20566.37,191952.8,Card,Mobile - iOS,13-03-2025,High
6269,3269,23,Female,Chennai,Home,Adidas,1086.59,2,25,271.65,1629.88,COD,Tablet - iPad,07-06-2025,Low
6270,3270,22,Female,Mumbai,Sports,Puma,4964.53,3,5,248.23,14148.9,Card,Tablet - Android,10-11-2025,Low
6271,3271,64,Female,Chennai,Sports,Nike,67541.38,4,5,3377.07,256657.24,COD,Mobile - Android,17-05-2025,High
6272,3272,33,Male,Mumbai,Electronics,Zara,74939.82,5,40,29975.93,224819.45,UPI,Tablet - Android,28-08-2025,High
6273,3273,63,Female,Bangalore,Beauty,Nike,35068.78,4,15,5260.32,119233.84,COD,Mobile - iOS,23-02-2025,High
6274,3274,34,Female,Mumbai,Home,Boat,43451.11,4,40,17380.44,104282.68,UPI,Tablet - iPad,27-08-2025,High
6275,3275,56,Female,Hyderabad,Beauty,Sony,8330.56,4,30,2499.17,23325.56,COD,Mobile - iOS,31-05-2025,Medium
6276,3276,22,Female,Bangalore,Beauty,Nike,23357.84,3,25,5839.46,52555.14,COD,Tablet - Android,23-12-2025,High
6277,3277,41,Male,Hyderabad,Clothing,Zara,57046.26,5,5,2852.31,270969.75,COD,Tablet - iPad,09-08-2025,High
6278,3278,44,Female,Pune,Sports,Apple,38812.09,2,15,5821.81,65980.56,COD,Laptop - Mac,24-08-2025,High
6279,3279,42,Female,Delhi,Sports,Puma,65085.92,2,40,26034.37,78103.1,COD,Mobile - iOS,31-01-2025,High
6280,3280,38,Female,Delhi,Home,Sony,22280.56,4,40,8912.22,53473.36,Card,Mobile - Android,22-06-2025,High
6281,3281,63,Male,Hyderabad,Clothing,Sony,34302.07,3,10,3430.21,92615.58,COD,Mobile - Android,09-09-2025,High
6282,3282,25,Female,Mumbai,Beauty,Zara,65066.95,1,5,3253.35,61813.6,COD,Mobile - Android,24-02-2025,High
6283,3283,63,Male,Bangalore,Beauty,Nike,68023.41,3,15,10203.51,173459.7,COD,Tablet - Android,30-08-2025,High
6284,3284,51,Female,Hyderabad,Electronics,Samsung,34016.47,2,5,1700.82,64631.3,Card,Mobile - Android,23-11-2025,High
6285,3285,32,Male,Bangalore,Clothing,Zara,36769.21,3,25,9192.3,82730.73,COD,Laptop - Windows,16-12-2025,High
6286,3286,52,Male,Delhi,Electronics,Samsung,19030.98,1,20,3806.2,15224.78,COD,Mobile - Android,06-12-2025,Low
6287,3287,43,Female,Delhi,Sports,Apple,34098.54,4,40,13639.42,81836.48,UPI,Tablet - Android,21-07-2025,High
6288,3288,53,Male,Delhi,Sports,Sony,39842.44,4,5,1992.12,151401.28,UPI,Mobile - iOS,24-07-2025,High
6289,3289,51,Female,Mumbai,Clothing,Nike,24584.15,2,0,0,49168.3,COD,Mobile - Android,12-04-2025,Medium
6290,3290,52,Female,Hyderabad,Clothing,Apple,9945.03,3,15,1491.75,25359.84,Card,Tablet - Android,22-01-2025,Medium
6291,3291,32,Male,Mumbai,Sports,Zara,29073.76,1,40,11629.5,17444.26,COD,Mobile - Android,03-10-2025,Low
6292,3292,20,Male,Delhi,Sports,Apple,48430.41,1,40,19372.16,29058.25,UPI,Mobile - iOS,10-05-2025,Medium
6293,3293,58,Male,Delhi,Sports,Nike,11490.12,3,5,574.51,32746.83,UPI,Tablet - iPad,04-04-2025,Medium
6294,3294,26,Female,Pune,Sports,Boat,67510.27,2,5,3375.51,128269.52,UPI,Tablet - iPad,29-10-2025,High
6295,3295,53,Female,Chennai,Home,Puma,43563.6,4,10,4356.36,156828.96,Card,Tablet - Android,01-06-2025,High
6296,3296,60,Male,Hyderabad,Sports,Zara,25432.3,5,5,1271.62,120803.4,Card,Tablet - Android,17-03-2025,High
6297,3297,43,Female,Delhi,Sports,Puma,38782.34,3,15,5817.35,98894.97,Card,Tablet - Android,24-06-2025,High
6298,3298,27,Female,Hyderabad,Beauty,Nike,17553.25,4,5,877.66,66702.36,COD,Laptop - Windows,23-05-2025,High
6299,3299,47,Female,Delhi,Home,Adidas,23908,3,15,3586.2,60965.4,COD,Mobile - Android,06-10-2025,High
6300,3300,59,Male,Pune,Beauty,Zara,15426.36,4,10,1542.64,55534.88,UPI,Mobile - iOS,27-02-2025,High
6301,3301,53,Male,Hyderabad,Home,Nike,36874.07,3,5,1843.7,105091.11,Card,Tablet - iPad,17-07-2025,High
6302,3302,34,Female,Bangalore,Electronics,Zara,28927.01,5,10,2892.7,130171.55,Card,Laptop - Windows,05-12-2025,High
6303,3303,42,Male,Hyderabad,Home,Sony,27857.78,3,15,4178.67,71037.33,Card,Tablet - Android,16-08-2025,High
6304,3304,28,Female,Hyderabad,Clothing,Nike,71308.4,3,25,17827.1,160443.9,Card,Mobile - iOS,13-02-2025,High
6305,3305,64,Male,Pune,Home,Samsung,23801.65,4,25,5950.41,71404.96,UPI,Tablet - Android,16-03-2025,High
6306,3306,48,Male,Mumbai,Electronics,Boat,16112.48,4,20,3222.5,51559.92,UPI,Tablet - Android,02-09-2025,High
6307,3307,29,Female,Bangalore,Home,Sony,12383.06,2,5,619.15,23527.82,COD,Mobile - iOS,10-04-2025,Medium
6308,3308,42,Female,Delhi,Home,Apple,690.9,4,30,207.27,1934.52,UPI,Laptop - Mac,17-02-2025,Low
6309,3309,43,Male,Chennai,Clothing,Boat,25577.45,1,10,2557.75,23019.7,Card,Laptop - Mac,11-04-2025,Medium
6310,3310,56,Female,Hyderabad,Home,Nike,51120.94,4,15,7668.14,173811.2,UPI,Laptop - Mac,20-11-2025,High
6311,3311,30,Female,Delhi,Sports,Puma,51902.61,3,0,0,155707.83,Card,Mobile - iOS,02-06-2025,High
6312,3312,47,Male,Pune,Home,Samsung,79279.44,3,30,23783.83,166486.83,COD,Laptop - Windows,08-10-2025,High
6313,3313,20,Female,Pune,Sports,Samsung,73341.65,3,25,18335.41,165018.72,COD,Tablet - Android,16-07-2025,High
6314,3314,48,Male,Bangalore,Beauty,Adidas,11489.25,5,30,3446.78,40212.35,UPI,Mobile - iOS,14-03-2025,Medium
6315,3315,38,Female,Delhi,Electronics,Nike,68075.77,3,25,17018.94,153170.49,Card,Tablet - Android,27-03-2025,High
6316,3316,63,Male,Pune,Sports,Zara,7332.15,5,5,366.61,34827.7,UPI,Mobile - Android,27-07-2025,Medium
6317,3317,52,Male,Hyderabad,Sports,Boat,34586.16,1,15,5187.92,29398.24,UPI,Mobile - Android,06-12-2025,Medium
6318,3318,46,Male,Delhi,Electronics,Adidas,40230.22,4,5,2011.51,152874.84,UPI,Tablet - Android,03-10-2025,High
6319,3319,30,Male,Mumbai,Beauty,Boat,75649.55,3,0,0,226948.65,UPI,Mobile - iOS,20-12-2025,High
6320,3320,47,Female,Bangalore,Beauty,Apple,45550.53,1,10,4555.05,40995.48,COD,Tablet - iPad,12-09-2025,Medium
6321,3321,23,Male,Mumbai,Sports,Apple,64361.12,5,25,16090.28,241354.2,Card,Laptop - Windows,24-12-2025,High
6322,3322,28,Female,Delhi,Clothing,Puma,77740.47,2,15,11661.07,132158.8,UPI,Mobile - iOS,17-09-2025,High
6323,3323,28,Male,Pune,Electronics,Samsung,65936.68,2,10,6593.67,118686.02,Card,Laptop - Windows,10-12-2025,High
6324,3324,21,Male,Mumbai,Beauty,Samsung,17776.24,3,20,3555.25,42662.97,Card,Tablet - Android,12-09-2025,Medium
6325,3325,39,Male,Bangalore,Beauty,Nike,17143.82,5,0,0,85719.1,UPI,Tablet - iPad,26-04-2025,High
6326,3326,51,Female,Bangalore,Sports,Puma,26263.8,2,40,10505.52,31516.56,UPI,Laptop - Mac,05-01-2025,Medium
6327,3327,47,Male,Mumbai,Clothing,Boat,68593.35,5,25,17148.34,257225.05,COD,Tablet - iPad,05-08-2025,High
6328,3328,22,Female,Delhi,Clothing,Samsung,53523.46,3,25,13380.86,120427.8,Card,Tablet - Android,11-09-2025,High
6329,3329,48,Female,Pune,Home,Puma,33747.94,2,20,6749.59,53996.7,UPI,Laptop - Windows,12-07-2025,High
6330,3330,45,Female,Chennai,Clothing,Boat,25746.51,4,0,0,102986.04,Card,Laptop - Windows,17-01-2025,High
6331,3331,48,Female,Delhi,Home,Adidas,27599.3,1,5,1379.96,26219.34,Card,Mobile - Android,24-12-2025,Medium
6332,3332,40,Male,Delhi,Home,Apple,49663.08,5,30,14898.92,173820.8,COD,Mobile - iOS,21-01-2025,High
6333,3333,20,Male,Bangalore,Sports,Samsung,651.08,4,20,130.22,2083.44,UPI,Laptop - Windows,17-03-2025,Low
6334,3334,52,Male,Mumbai,Home,Samsung,13504.19,1,5,675.21,12828.98,COD,Mobile - iOS,12-10-2025,Low
6335,3335,38,Female,Bangalore,Clothing,Adidas,64292.32,4,30,19287.7,180018.48,COD,Laptop - Mac,15-01-2025,High
6336,3336,38,Female,Hyderabad,Sports,Puma,13476.25,2,25,3369.06,20214.38,Card,Mobile - Android,01-07-2025,Medium
6337,3337,27,Female,Mumbai,Clothing,Samsung,66970.93,1,5,3348.55,63622.38,UPI,Mobile - iOS,27-06-2025,High
6338,3338,29,Male,Mumbai,Sports,Zara,25886,3,15,3882.9,66009.3,Card,Laptop - Windows,04-12-2025,High
6339,3339,44,Female,Hyderabad,Clothing,Zara,77155.42,3,20,15431.08,185173.02,Card,Laptop - Windows,12-01-2025,High
6340,3340,54,Female,Pune,Beauty,Sony,14078.22,3,15,2111.73,35899.47,UPI,Mobile - Android,25-05-2025,Medium
6341,3341,29,Female,Mumbai,Clothing,Puma,3465.36,1,30,1039.61,2425.75,UPI,Tablet - Android,31-07-2025,Low
6342,3342,40,Male,Hyderabad,Beauty,Zara,65228.81,3,40,26091.52,117411.87,COD,Mobile - iOS,07-07-2025,High
6343,3343,39,Male,Chennai,Electronics,Adidas,20581.44,5,40,8232.58,61744.3,COD,Mobile - Android,10-09-2025,High
6344,3344,40,Female,Pune,Beauty,Nike,9706.21,5,5,485.31,46104.5,Card,Mobile - Android,14-09-2025,Medium
6345,3345,40,Male,Chennai,Sports,Samsung,71277.73,4,25,17819.43,213833.2,COD,Laptop - Mac,17-12-2025,High
6346,3346,32,Male,Chennai,Electronics,Apple,53158.5,4,25,13289.62,159475.52,Card,Mobile - iOS,10-03-2025,High
6347,3347,43,Female,Hyderabad,Beauty,Samsung,3327.95,3,15,499.19,8486.28,UPI,Laptop - Mac,26-07-2025,Low
6348,3348,45,Male,Mumbai,Sports,Adidas,12419.74,2,15,1862.96,21113.56,COD,Mobile - Android,10-06-2025,Medium
6349,3349,30,Male,Pune,Beauty,Boat,59325.37,5,40,23730.15,177976.1,UPI,Tablet - Android,26-02-2025,High
6350,3350,52,Female,Bangalore,Sports,Sony,70902.64,5,5,3545.13,336787.55,COD,Tablet - iPad,14-10-2025,High
6351,3351,54,Male,Mumbai,Beauty,Zara,38771.39,4,25,9692.85,116314.16,UPI,Mobile - iOS,15-03-2025,High
6352,3352,61,Male,Pune,Home,Boat,77265.82,5,20,15453.16,309063.3,COD,Laptop - Mac,25-08-2025,High
6353,3353,55,Female,Mumbai,Beauty,Zara,33573.06,1,15,5035.96,28537.1,Card,Tablet - Android,25-06-2025,Medium
6354,3354,21,Male,Chennai,Clothing,Puma,74958.91,3,30,22487.67,157413.72,Card,Mobile - Android,17-05-2025,High
6355,3355,31,Male,Mumbai,Beauty,Adidas,25582.95,1,0,0,25582.95,Card,Tablet - Android,14-08-2025,Medium
6356,3356,64,Male,Pune,Beauty,Sony,41767.62,2,0,0,83535.24,COD,Tablet - Android,15-04-2025,High
6357,3357,54,Female,Bangalore,Beauty,Boat,2882.8,1,10,288.28,2594.52,Card,Tablet - iPad,11-03-2025,Low
6358,3358,25,Male,Delhi,Beauty,Apple,57104.86,2,0,0,114209.72,COD,Laptop - Windows,20-04-2025,High
6359,3359,51,Female,Mumbai,Beauty,Samsung,51732.13,1,15,7759.82,43972.31,COD,Laptop - Mac,21-12-2025,Medium
6360,3360,19,Female,Hyderabad,Electronics,Nike,25304.22,1,20,5060.84,20243.38,UPI,Laptop - Mac,08-09-2025,Medium
6361,3361,25,Male,Hyderabad,Clothing,Samsung,3281.82,5,20,656.36,13127.3,UPI,Mobile - Android,19-10-2025,Low
6362,3362,42,Male,Mumbai,Sports,Samsung,74332.33,5,0,0,371661.65,COD,Mobile - iOS,13-02-2025,High
6363,3363,44,Male,Pune,Electronics,Puma,36219.51,4,0,0,144878.04,COD,Tablet - Android,29-08-2025,High
6364,3364,28,Male,Mumbai,Home,Samsung,46086.8,4,20,9217.36,147477.76,Card,Laptop - Windows,03-11-2025,High
6365,3365,34,Male,Chennai,Home,Samsung,30897.64,1,0,0,30897.64,UPI,Laptop - Mac,15-04-2025,Medium
6366,3366,47,Female,Chennai,Home,Sony,30867.41,1,25,7716.85,23150.56,UPI,Mobile - iOS,03-07-2025,Medium
6367,3367,55,Male,Hyderabad,Electronics,Adidas,15732.01,4,5,786.6,59781.64,Card,Laptop - Mac,30-05-2025,High
6368,3368,27,Male,Bangalore,Electronics,Boat,39666.85,3,30,11900.05,83300.4,COD,Tablet - iPad,20-11-2025,High
6369,3369,51,Female,Mumbai,Home,Samsung,71770.02,4,20,14354,229664.08,COD,Mobile - Android,15-06-2025,High
6370,3370,32,Male,Bangalore,Sports,Sony,78960.27,3,20,15792.05,189504.66,Card,Laptop - Windows,08-07-2025,High
6371,3371,39,Female,Delhi,Clothing,Zara,61230.75,2,30,18369.22,85723.06,COD,Tablet - iPad,09-05-2025,High
6372,3372,42,Female,Pune,Home,Puma,78399.53,4,10,7839.95,282238.32,COD,Mobile - iOS,05-10-2025,High
6373,3373,31,Male,Delhi,Sports,Apple,50099.76,2,15,7514.96,85169.6,Card,Laptop - Windows,17-07-2025,High
6374,3374,42,Male,Pune,Home,Adidas,15163.04,5,5,758.15,72024.45,Card,Mobile - Android,25-07-2025,High
6375,3375,62,Male,Delhi,Beauty,Sony,69525.29,1,0,0,69525.29,COD,Tablet - iPad,11-08-2025,High
6376,3376,34,Male,Mumbai,Beauty,Samsung,68260.98,5,40,27304.39,204782.95,Card,Laptop - Windows,22-04-2025,High
6377,3377,60,Female,Bangalore,Sports,Boat,36558.83,4,25,9139.71,109676.48,COD,Laptop - Windows,28-01-2025,High
6378,3378,19,Female,Mumbai,Home,Zara,47244.65,3,25,11811.16,106300.47,UPI,Mobile - Android,26-07-2025,High
6379,3379,46,Male,Mumbai,Sports,Nike,43490.2,4,20,8698.04,139168.64,UPI,Mobile - Android,31-12-2025,High
6380,3380,38,Female,Bangalore,Electronics,Nike,48485.58,1,20,9697.12,38788.46,Card,Laptop - Windows,25-10-2025,Medium
6381,3381,19,Female,Hyderabad,Sports,Boat,58523.99,5,25,14631,219464.95,Card,Tablet - Android,17-04-2025,High
6382,3382,49,Male,Chennai,Home,Zara,57354.61,3,25,14338.65,129047.88,COD,Tablet - iPad,08-02-2025,High
6383,3383,25,Male,Pune,Beauty,Nike,65355.7,3,10,6535.57,176460.39,COD,Tablet - iPad,09-05-2025,High
6384,3384,53,Female,Pune,Clothing,Puma,13324.39,4,5,666.22,50632.68,COD,Mobile - Android,31-05-2025,High
6385,3385,44,Male,Hyderabad,Sports,Sony,43837.68,3,15,6575.65,111786.09,Card,Laptop - Windows,01-01-2025,High
6386,3386,44,Male,Mumbai,Sports,Zara,8782.12,1,10,878.21,7903.91,Card,Mobile - Android,24-04-2025,Low
6387,3387,59,Male,Mumbai,Beauty,Sony,55257.73,4,15,8288.66,187876.28,UPI,Tablet - iPad,08-12-2025,High
6388,3388,40,Female,Delhi,Sports,Nike,67027.38,2,0,0,134054.76,UPI,Laptop - Windows,25-04-2025,High
6389,3389,29,Female,Mumbai,Beauty,Zara,53898.52,4,25,13474.63,161695.56,UPI,Mobile - Android,15-03-2025,High
6390,3390,23,Male,Bangalore,Home,Apple,49048.14,1,5,2452.41,46595.73,COD,Laptop - Windows,20-01-2025,Medium
6391,3391,60,Male,Pune,Beauty,Puma,24204.13,3,10,2420.41,65351.16,COD,Mobile - Android,17-04-2025,High
6392,3392,41,Male,Hyderabad,Electronics,Apple,71339.79,3,25,17834.95,160514.52,UPI,Tablet - iPad,19-09-2025,High
6393,3393,54,Male,Hyderabad,Electronics,Puma,33278.22,5,0,0,166391.1,Card,Laptop - Mac,20-12-2025,High
6394,3394,42,Female,Chennai,Electronics,Zara,76296,5,40,30518.4,228888,UPI,Mobile - iOS,21-06-2025,High
6395,3395,37,Male,Pune,Home,Puma,77571.2,4,40,31028.48,186170.88,Card,Mobile - Android,02-03-2025,High
6396,3396,64,Female,Hyderabad,Home,Sony,19820.4,3,30,5946.12,41622.84,COD,Mobile - iOS,10-12-2025,Medium
6397,3397,62,Male,Chennai,Sports,Apple,58135.93,1,20,11627.19,46508.74,COD,Laptop - Mac,14-08-2025,Medium
6398,3398,54,Female,Mumbai,Beauty,Adidas,9005.14,3,40,3602.06,16209.24,Card,Laptop - Windows,17-10-2025,Low
6399,3399,23,Female,Chennai,Beauty,Samsung,72405.03,4,40,28962.01,173772.08,COD,Laptop - Mac,07-07-2025,High
6400,3400,38,Male,Bangalore,Electronics,Sony,10607.01,2,30,3182.1,14849.82,Card,Mobile - Android,19-03-2025,Low
6401,3401,48,Male,Mumbai,Beauty,Zara,10324.55,2,15,1548.68,17551.74,COD,Laptop - Mac,19-10-2025,Low
6402,3402,50,Male,Mumbai,Beauty,Nike,66781.55,3,15,10017.23,170292.96,Card,Mobile - Android,28-05-2025,High
6403,3403,34,Female,Pune,Clothing,Sony,15435.82,3,15,2315.37,39361.35,Card,Mobile - Android,20-06-2025,Medium
6404,3404,50,Female,Delhi,Electronics,Apple,37465.02,2,25,9366.25,56197.54,COD,Laptop - Windows,25-06-2025,High
6405,3405,19,Male,Hyderabad,Beauty,Puma,16336.85,2,25,4084.21,24505.28,COD,Laptop - Mac,01-01-2025,Medium
6406,3406,57,Male,Delhi,Sports,Nike,50783.64,2,20,10156.73,81253.82,UPI,Tablet - iPad,16-09-2025,High
6407,3407,50,Male,Hyderabad,Home,Zara,56282.19,5,10,5628.22,253269.85,COD,Tablet - iPad,16-09-2025,High
6408,3408,19,Male,Bangalore,Beauty,Nike,33509.61,4,25,8377.4,100528.84,Card,Mobile - Android,11-08-2025,High
6409,3409,62,Female,Bangalore,Home,Sony,58761.98,1,15,8814.3,49947.68,COD,Mobile - iOS,07-12-2025,Medium
6410,3410,31,Male,Chennai,Electronics,Samsung,8634.39,4,10,863.44,31083.8,UPI,Laptop - Windows,20-06-2025,Medium
6411,3411,20,Female,Chennai,Sports,Apple,68629.2,4,0,0,274516.8,UPI,Laptop - Windows,04-06-2025,High
6412,3412,43,Male,Chennai,Beauty,Sony,58455.57,3,10,5845.56,157830.03,UPI,Tablet - iPad,30-09-2025,High
6413,3413,41,Male,Chennai,Clothing,Puma,12541.52,3,5,627.08,35743.32,UPI,Mobile - Android,25-10-2025,Medium
6414,3414,29,Female,Bangalore,Clothing,Adidas,16729.36,1,40,6691.74,10037.62,COD,Laptop - Mac,04-12-2025,Low
6415,3415,26,Female,Delhi,Electronics,Samsung,28910.47,5,40,11564.19,86731.4,COD,Mobile - iOS,24-10-2025,High
6416,3416,21,Male,Pune,Clothing,Boat,52236.63,4,20,10447.33,167157.2,COD,Laptop - Windows,26-06-2025,High
6417,3417,22,Male,Mumbai,Home,Sony,56236.8,1,25,14059.2,42177.6,COD,Laptop - Mac,07-01-2025,Medium
6418,3418,22,Male,Bangalore,Clothing,Nike,74832.76,1,10,7483.28,67349.48,COD,Mobile - Android,10-02-2025,High
6419,3419,29,Female,Bangalore,Sports,Puma,27078.63,1,10,2707.86,24370.77,COD,Tablet - iPad,25-09-2025,Medium
6420,3420,62,Female,Chennai,Home,Boat,32503.23,2,15,4875.48,55255.5,Card,Mobile - Android,17-01-2025,High
6421,3421,28,Female,Bangalore,Home,Puma,56220.83,4,20,11244.17,179906.64,Card,Tablet - iPad,16-02-2025,High
6422,3422,45,Male,Mumbai,Sports,Adidas,29175.08,3,15,4376.26,74396.46,UPI,Tablet - iPad,06-07-2025,High
6423,3423,44,Male,Bangalore,Sports,Adidas,54536.81,5,25,13634.2,204513.05,COD,Mobile - Android,05-08-2025,High
6424,3424,39,Female,Mumbai,Sports,Adidas,44646.44,2,40,17858.58,53575.72,Card,Mobile - iOS,22-12-2025,High
6425,3425,20,Female,Delhi,Sports,Puma,11660.89,5,5,583.04,55389.25,UPI,Mobile - Android,18-10-2025,High
6426,3426,38,Female,Mumbai,Sports,Sony,33096.99,3,15,4964.55,84397.32,Card,Mobile - iOS,15-02-2025,High
6427,3427,28,Female,Bangalore,Sports,Zara,3041.27,1,5,152.06,2889.21,COD,Tablet - Android,06-12-2025,Low
6428,3428,45,Male,Bangalore,Beauty,Sony,64217.09,4,0,0,256868.36,COD,Mobile - iOS,12-02-2025,High
6429,3429,46,Male,Hyderabad,Beauty,Boat,75165.87,5,40,30066.35,225497.6,COD,Laptop - Windows,11-12-2025,High
6430,3430,34,Female,Mumbai,Home,Nike,70423.74,5,15,10563.56,299300.9,COD,Mobile - iOS,05-12-2025,High
6431,3431,27,Male,Bangalore,Electronics,Zara,32376.14,1,10,3237.61,29138.53,Card,Mobile - iOS,21-02-2025,Medium
6432,3432,32,Female,Chennai,Clothing,Nike,15567.93,5,20,3113.59,62271.7,UPI,Mobile - Android,05-11-2025,High
6433,3433,61,Male,Mumbai,Home,Boat,31746.77,2,5,1587.34,60318.86,COD,Tablet - iPad,05-08-2025,High
6434,3434,46,Female,Chennai,Beauty,Nike,21355.56,2,10,2135.56,38440,Card,Mobile - Android,07-11-2025,Medium
6435,3435,21,Male,Bangalore,Sports,Puma,75877.03,5,20,15175.41,303508.1,COD,Tablet - iPad,08-03-2025,High
6436,3436,56,Male,Chennai,Sports,Sony,49449.16,4,10,4944.92,178016.96,COD,Mobile - Android,26-02-2025,High
6437,3437,41,Male,Bangalore,Electronics,Sony,39628.92,3,0,0,118886.76,UPI,Tablet - iPad,23-10-2025,High
6438,3438,62,Female,Pune,Electronics,Samsung,43991.11,5,40,17596.44,131973.35,COD,Mobile - iOS,29-04-2025,High
6439,3439,41,Female,Chennai,Clothing,Nike,11692.65,5,0,0,58463.25,UPI,Mobile - iOS,17-03-2025,High
6440,3440,31,Female,Hyderabad,Sports,Samsung,73070.87,5,25,18267.72,274015.75,UPI,Tablet - Android,05-05-2025,High
6441,3441,43,Female,Pune,Beauty,Zara,8689.65,4,10,868.96,31282.76,Card,Tablet - iPad,25-11-2025,Medium
6442,3442,28,Male,Bangalore,Clothing,Zara,28738.55,4,5,1436.93,109206.48,COD,Laptop - Mac,27-01-2025,High
6443,3443,20,Male,Pune,Beauty,Sony,30762.15,5,30,9228.64,107667.55,COD,Mobile - iOS,13-05-2025,High
6444,3444,28,Female,Mumbai,Clothing,Sony,64538.21,4,40,25815.28,154891.72,UPI,Mobile - Android,02-11-2025,High
6445,3445,64,Female,Hyderabad,Sports,Apple,22013.76,1,20,4402.75,17611.01,COD,Mobile - iOS,16-01-2025,Low
6446,3446,63,Male,Mumbai,Beauty,Apple,41854.81,1,25,10463.7,31391.11,COD,Mobile - Android,28-09-2025,Medium
6447,3447,23,Female,Bangalore,Home,Sony,64839.99,5,0,0,324199.95,Card,Tablet - iPad,12-09-2025,High
6448,3448,50,Male,Pune,Clothing,Samsung,75645.16,4,25,18911.29,226935.48,COD,Tablet - iPad,14-02-2025,High
6449,3449,34,Female,Hyderabad,Home,Adidas,29390.7,1,15,4408.6,24982.1,COD,Laptop - Mac,04-05-2025,Medium
6450,3450,57,Male,Bangalore,Clothing,Adidas,33060.12,2,5,1653.01,62814.22,Card,Mobile - Android,25-01-2025,High
6451,3451,35,Female,Bangalore,Clothing,Boat,4313.56,5,15,647.03,18332.65,UPI,Tablet - Android,04-03-2025,Low
6452,3452,61,Female,Bangalore,Beauty,Boat,23017.05,5,30,6905.12,80559.65,Card,Mobile - Android,05-06-2025,High
6453,3453,64,Male,Hyderabad,Beauty,Samsung,47724.38,1,10,4772.44,42951.94,Card,Laptop - Mac,18-07-2025,Medium
6454,3454,21,Male,Hyderabad,Electronics,Apple,29229.4,5,10,2922.94,131532.3,UPI,Laptop - Mac,05-06-2025,High
6455,3455,53,Male,Hyderabad,Clothing,Apple,5286.16,1,30,1585.85,3700.31,UPI,Laptop - Windows,30-07-2025,Low
6456,3456,56,Female,Mumbai,Home,Zara,2711.99,4,15,406.8,9220.76,UPI,Laptop - Mac,30-10-2025,Low
6457,3457,32,Female,Pune,Electronics,Apple,3881.71,4,10,388.17,13974.16,COD,Mobile - Android,28-01-2025,Low
6458,3458,58,Female,Bangalore,Clothing,Sony,21072.17,5,0,0,105360.85,UPI,Tablet - Android,26-12-2025,High
6459,3459,43,Male,Bangalore,Home,Nike,45393.32,1,15,6809,38584.32,COD,Tablet - iPad,19-05-2025,Medium
6460,3460,50,Male,Bangalore,Electronics,Adidas,35529.64,3,30,10658.89,74612.25,Card,Tablet - Android,12-10-2025,High
6461,3461,45,Female,Hyderabad,Sports,Zara,36077.3,5,30,10823.19,126270.55,UPI,Laptop - Windows,26-02-2025,High
6462,3462,47,Male,Pune,Beauty,Nike,59928.26,5,30,17978.48,209748.9,UPI,Laptop - Mac,12-01-2025,High
6463,3463,63,Male,Pune,Sports,Puma,17934.62,3,20,3586.92,43043.1,COD,Mobile - iOS,15-05-2025,Medium
6464,3464,45,Male,Delhi,Clothing,Nike,74329.44,3,15,11149.42,189540.06,COD,Mobile - iOS,06-02-2025,High
6465,3465,62,Male,Delhi,Home,Puma,2097.26,5,25,524.32,7864.7,UPI,Mobile - iOS,16-07-2025,Low
6466,3466,57,Male,Delhi,Home,Boat,67850.66,4,30,20355.2,189981.84,UPI,Laptop - Windows,29-08-2025,High
6467,3467,51,Female,Bangalore,Sports,Apple,54177.63,3,40,21671.05,97519.74,COD,Laptop - Windows,12-01-2025,High
6468,3468,27,Female,Bangalore,Beauty,Boat,12702.71,2,5,635.14,24135.14,UPI,Tablet - Android,11-11-2025,Medium
6469,3469,56,Female,Pune,Home,Sony,11681.37,4,5,584.07,44389.2,UPI,Laptop - Windows,04-03-2025,Medium
6470,3470,32,Female,Bangalore,Home,Samsung,3956.13,1,30,1186.84,2769.29,UPI,Tablet - iPad,14-05-2025,Low
6471,3471,61,Male,Delhi,Beauty,Adidas,29756.12,1,0,0,29756.12,COD,Laptop - Windows,30-03-2025,Medium
6472,3472,47,Male,Hyderabad,Electronics,Samsung,41209.72,2,10,4120.97,74177.5,Card,Tablet - Android,31-05-2025,High
6473,3473,45,Female,Pune,Sports,Apple,47680.61,3,30,14304.18,100129.29,UPI,Tablet - iPad,26-06-2025,High
6474,3474,56,Female,Bangalore,Beauty,Nike,32167.03,3,5,1608.35,91676.04,UPI,Tablet - iPad,27-03-2025,High
6475,3475,43,Female,Pune,Home,Adidas,8182.7,3,5,409.14,23320.68,UPI,Laptop - Mac,05-06-2025,Medium
6476,3476,43,Female,Pune,Sports,Nike,28459.04,2,5,1422.95,54072.18,COD,Mobile - Android,22-11-2025,High
6477,3477,61,Male,Delhi,Sports,Adidas,45503.38,4,40,18201.35,109208.12,Card,Tablet - Android,23-03-2025,High
6478,3478,18,Male,Mumbai,Electronics,Adidas,68086.67,1,40,27234.67,40852,COD,Tablet - iPad,20-03-2025,Medium
6479,3479,39,Female,Hyderabad,Sports,Boat,33361.25,5,30,10008.38,116764.35,COD,Mobile - Android,07-06-2025,High
6480,3480,40,Female,Pune,Beauty,Nike,19270.72,3,10,1927.07,52030.95,UPI,Tablet - iPad,11-04-2025,High
6481,3481,42,Female,Bangalore,Electronics,Zara,67738.62,5,15,10160.79,287889.15,Card,Tablet - Android,20-05-2025,High
6482,3482,25,Female,Mumbai,Sports,Samsung,36049.79,3,30,10814.94,75704.55,Card,Tablet - iPad,19-12-2025,High
6483,3483,51,Male,Bangalore,Home,Sony,72833.03,2,30,21849.91,101966.24,UPI,Tablet - iPad,24-03-2025,High
6484,3484,32,Male,Bangalore,Beauty,Zara,33803.43,5,0,0,169017.15,UPI,Mobile - Android,29-04-2025,High
6485,3485,19,Male,Delhi,Sports,Boat,9568.2,3,10,956.82,25834.14,COD,Tablet - Android,24-11-2025,Medium
6486,3486,29,Female,Hyderabad,Clothing,Apple,47942.67,3,5,2397.13,136636.62,UPI,Laptop - Mac,24-03-2025,High
6487,3487,35,Male,Mumbai,Home,Samsung,63235.53,4,30,18970.66,177059.48,COD,Mobile - iOS,17-12-2025,High
6488,3488,24,Male,Chennai,Sports,Sony,59301.94,1,0,0,59301.94,UPI,Laptop - Windows,02-05-2025,High
6489,3489,59,Male,Bangalore,Clothing,Boat,75076.17,1,15,11261.43,63814.74,COD,Tablet - iPad,04-12-2025,High
6490,3490,44,Male,Chennai,Beauty,Samsung,8351.83,2,15,1252.77,14198.12,UPI,Tablet - iPad,01-09-2025,Low
6491,3491,19,Female,Mumbai,Sports,Nike,75999.99,5,20,15200,303999.95,COD,Tablet - Android,26-11-2025,High
6492,3492,52,Female,Hyderabad,Clothing,Boat,17509.85,2,25,4377.46,26264.78,Card,Tablet - iPad,04-03-2025,Medium
6493,3493,63,Male,Bangalore,Beauty,Boat,39706.75,4,0,0,158827,Card,Tablet - Android,03-01-2025,High
6494,3494,30,Female,Hyderabad,Clothing,Apple,70434.25,5,10,7043.42,316954.15,UPI,Tablet - Android,12-04-2025,High
6495,3495,21,Male,Chennai,Beauty,Adidas,26642.24,5,40,10656.9,79926.7,UPI,Laptop - Mac,12-07-2025,High
6496,3496,45,Male,Pune,Electronics,Apple,25740.86,1,10,2574.09,23166.77,UPI,Laptop - Mac,03-09-2025,Medium
6497,3497,40,Male,Bangalore,Beauty,Puma,47820.46,5,25,11955.12,179326.7,UPI,Tablet - Android,02-12-2025,High
6498,3498,35,Female,Pune,Electronics,Zara,8979.45,5,40,3591.78,26938.35,COD,Tablet - Android,01-12-2025,Medium
6499,3499,38,Female,Bangalore,Clothing,Boat,79349.7,4,15,11902.46,269788.96,UPI,Mobile - iOS,11-10-2025,High
6500,3500,56,Female,Mumbai,Beauty,Puma,33082.87,4,20,6616.57,105865.2,Card,Laptop - Mac,17-08-2025,High
6501,3501,31,Female,Chennai,Beauty,Zara,11203.51,5,30,3361.05,39212.3,UPI,Tablet - iPad,22-06-2025,Medium
6502,3502,30,Female,Mumbai,Sports,Nike,69803.87,5,40,27921.55,209411.6,COD,Laptop - Mac,10-09-2025,High
6503,3503,37,Male,Chennai,Home,Samsung,4275.06,2,30,1282.52,5985.08,COD,Tablet - iPad,07-03-2025,Low
6504,3504,30,Male,Bangalore,Home,Adidas,70186.11,3,15,10527.92,178974.57,Card,Mobile - iOS,19-11-2025,High
6505,3505,25,Female,Mumbai,Beauty,Puma,22325.7,3,5,1116.29,63628.23,COD,Mobile - iOS,21-09-2025,High
6506,3506,21,Female,Delhi,Home,Samsung,32132.44,1,5,1606.62,30525.82,UPI,Mobile - iOS,28-09-2025,Medium
6507,3507,23,Female,Pune,Electronics,Apple,22626.36,1,0,0,22626.36,COD,Mobile - Android,06-10-2025,Medium
6508,3508,41,Male,Chennai,Electronics,Zara,2961.89,2,20,592.38,4739.02,COD,Tablet - iPad,25-02-2025,Low
6509,3509,41,Female,Bangalore,Home,Sony,76220.08,5,10,7622.01,342990.35,UPI,Tablet - iPad,12-05-2025,High
6510,3510,37,Male,Bangalore,Home,Puma,7058.88,5,40,2823.55,21176.65,Card,Laptop - Windows,05-04-2025,Medium
6511,3511,30,Male,Bangalore,Sports,Apple,1508.99,3,5,75.45,4300.62,Card,Laptop - Windows,04-04-2025,Low
6512,3512,51,Male,Mumbai,Electronics,Zara,60290.92,1,0,0,60290.92,COD,Laptop - Mac,06-11-2025,High
6513,3513,25,Male,Chennai,Electronics,Adidas,58283.88,4,15,8742.58,198165.2,Card,Tablet - Android,20-05-2025,High
6514,3514,51,Male,Chennai,Electronics,Apple,27444.31,2,20,5488.86,43910.9,Card,Mobile - iOS,19-11-2025,Medium
6515,3515,64,Male,Chennai,Electronics,Apple,139.08,1,15,20.86,118.22,COD,Tablet - iPad,12-03-2025,Low
6516,3516,22,Female,Delhi,Clothing,Nike,1545.32,4,10,154.53,5563.16,COD,Tablet - Android,13-07-2025,Low
6517,3517,33,Male,Hyderabad,Home,Puma,13768.28,4,30,4130.48,38551.2,COD,Tablet - Android,25-07-2025,Medium
6518,3518,33,Female,Chennai,Home,Boat,48342.16,2,30,14502.65,67679.02,UPI,Tablet - iPad,28-01-2025,High
6519,3519,31,Female,Delhi,Beauty,Boat,20234.5,3,40,8093.8,36422.1,Card,Laptop - Windows,11-10-2025,Medium
6520,3520,44,Male,Hyderabad,Sports,Zara,22563.48,5,20,4512.7,90253.9,COD,Laptop - Windows,03-04-2025,High
6521,3521,59,Male,Mumbai,Clothing,Sony,77042.19,2,40,30816.88,92450.62,COD,Tablet - Android,21-02-2025,High
6522,3522,59,Female,Hyderabad,Clothing,Adidas,71980.77,4,15,10797.12,244734.6,COD,Laptop - Windows,29-11-2025,High
6523,3523,48,Male,Hyderabad,Clothing,Apple,10209.72,2,30,3062.92,14293.6,COD,Laptop - Windows,28-07-2025,Low
6524,3524,31,Female,Delhi,Clothing,Boat,48720.48,4,40,19488.19,116929.16,COD,Tablet - Android,08-10-2025,High
6525,3525,48,Female,Chennai,Sports,Boat,19760.47,1,10,1976.05,17784.42,Card,Mobile - Android,16-09-2025,Low
6526,3526,31,Female,Pune,Electronics,Zara,1844.17,2,20,368.83,2950.68,UPI,Mobile - Android,31-03-2025,Low
6527,3527,41,Male,Mumbai,Clothing,Nike,13420.38,4,30,4026.11,37577.08,Card,Tablet - Android,16-07-2025,Medium
6528,3528,52,Male,Delhi,Clothing,Puma,8135.97,1,40,3254.39,4881.58,UPI,Tablet - iPad,18-05-2025,Low
6529,3529,32,Female,Pune,Electronics,Sony,64282.92,2,15,9642.44,109280.96,COD,Tablet - Android,15-10-2025,High
6530,3530,37,Female,Mumbai,Sports,Samsung,2839.59,4,5,141.98,10790.44,UPI,Mobile - Android,19-05-2025,Low
6531,3531,45,Female,Hyderabad,Clothing,Adidas,3181.9,4,20,636.38,10182.08,UPI,Mobile - iOS,07-03-2025,Low
6532,3532,55,Female,Hyderabad,Sports,Sony,48393.18,2,40,19357.27,58071.82,Card,Laptop - Mac,30-08-2025,High
6533,3533,44,Male,Pune,Beauty,Zara,74207.5,3,5,3710.38,211491.36,COD,Tablet - Android,21-10-2025,High
6534,3534,18,Male,Pune,Electronics,Puma,715.92,4,0,0,2863.68,UPI,Tablet - Android,07-03-2025,Low
6535,3535,29,Female,Pune,Electronics,Adidas,58362.61,3,25,14590.65,131315.88,Card,Tablet - Android,30-06-2025,High
6536,3536,56,Female,Hyderabad,Sports,Puma,29509.13,4,40,11803.65,70821.92,COD,Mobile - iOS,14-10-2025,High
6537,3537,44,Female,Hyderabad,Home,Sony,34870.29,2,10,3487.03,62766.52,Card,Tablet - Android,02-03-2025,High
6538,3538,53,Female,Delhi,Home,Zara,30076.88,5,40,12030.75,90230.65,UPI,Laptop - Mac,11-05-2025,High
6539,3539,48,Female,Chennai,Beauty,Apple,49783.11,1,40,19913.24,29869.87,UPI,Tablet - Android,31-08-2025,Medium
6540,3540,41,Male,Delhi,Sports,Adidas,10109.47,3,15,1516.42,25779.15,Card,Mobile - iOS,22-07-2025,Medium
6541,3541,49,Male,Bangalore,Sports,Samsung,9339.46,5,40,3735.78,28018.4,UPI,Tablet - iPad,09-12-2025,Medium
6542,3542,37,Male,Hyderabad,Electronics,Samsung,26979.59,1,10,2697.96,24281.63,Card,Laptop - Mac,18-11-2025,Medium
6543,3543,40,Male,Pune,Home,Nike,7502.65,4,25,1875.66,22507.96,COD,Tablet - iPad,04-02-2025,Medium
6544,3544,20,Male,Mumbai,Electronics,Samsung,69865.31,2,40,27946.12,83838.38,UPI,Tablet - Android,13-02-2025,High
6545,3545,33,Male,Pune,Sports,Samsung,79318.45,4,40,31727.38,190364.28,Card,Laptop - Windows,30-11-2025,High
6546,3546,64,Male,Mumbai,Home,Samsung,77191.64,5,5,3859.58,366660.3,COD,Tablet - Android,11-07-2025,High
6547,3547,19,Female,Delhi,Beauty,Samsung,42314.5,1,5,2115.72,40198.78,COD,Laptop - Mac,31-08-2025,Medium
6548,3548,54,Female,Hyderabad,Beauty,Adidas,63755.92,1,25,15938.98,47816.94,Card,Tablet - iPad,08-09-2025,Medium
6549,3549,38,Female,Chennai,Sports,Samsung,77816.2,2,20,15563.24,124505.92,Card,Tablet - Android,14-02-2025,High
6550,3550,20,Male,Delhi,Beauty,Samsung,56806.42,5,10,5680.64,255628.9,Card,Mobile - Android,21-01-2025,High
6551,3551,29,Female,Bangalore,Sports,Boat,73853.41,3,5,3692.67,210482.22,UPI,Tablet - Android,23-03-2025,High
6552,3552,45,Male,Bangalore,Home,Nike,13107.98,4,30,3932.39,36702.36,COD,Mobile - iOS,09-03-2025,Medium
6553,3553,42,Male,Chennai,Clothing,Apple,75858.74,5,15,11378.81,322399.65,COD,Tablet - iPad,08-06-2025,High
6554,3554,33,Male,Mumbai,Home,Adidas,12949.46,2,0,0,25898.92,UPI,Laptop - Mac,21-12-2025,Medium
6555,3555,29,Male,Mumbai,Beauty,Sony,4645.32,2,10,464.53,8361.58,UPI,Mobile - Android,18-12-2025,Low
6556,3556,38,Female,Bangalore,Beauty,Apple,78512.93,3,5,3925.65,223761.84,Card,Laptop - Mac,15-07-2025,High
6557,3557,62,Male,Pune,Sports,Samsung,79092.54,3,5,3954.63,225413.73,Card,Tablet - Android,07-09-2025,High
6558,3558,39,Male,Mumbai,Home,Zara,8688.25,5,10,868.82,39097.15,UPI,Mobile - Android,30-04-2025,Medium
6559,3559,36,Male,Bangalore,Beauty,Apple,32965.11,4,10,3296.51,118674.4,COD,Tablet - iPad,21-03-2025,High
6560,3560,29,Female,Chennai,Clothing,Sony,50917.16,1,30,15275.15,35642.01,Card,Tablet - iPad,08-04-2025,Medium
6561,3561,29,Female,Hyderabad,Electronics,Nike,68111.89,1,30,20433.57,47678.32,COD,Tablet - Android,29-11-2025,Medium
6562,3562,40,Female,Bangalore,Sports,Sony,29803.3,5,25,7450.82,111762.4,Card,Tablet - Android,16-03-2025,High
6563,3563,59,Male,Pune,Beauty,Sony,73287.52,4,20,14657.5,234520.08,UPI,Laptop - Mac,29-07-2025,High
6564,3564,52,Female,Bangalore,Sports,Samsung,11627.52,1,5,581.38,11046.14,Card,Tablet - Android,02-08-2025,Low
6565,3565,26,Female,Hyderabad,Electronics,Sony,2729.72,3,40,1091.89,4913.49,COD,Mobile - Android,30-11-2025,Low
6566,3566,38,Male,Delhi,Electronics,Nike,32508.02,2,40,13003.21,39009.62,Card,Tablet - Android,20-11-2025,Medium
6567,3567,34,Female,Pune,Clothing,Boat,42293.39,4,20,8458.68,135338.84,UPI,Tablet - Android,10-02-2025,High
6568,3568,19,Female,Mumbai,Clothing,Nike,73639.72,5,40,29455.89,220919.15,COD,Tablet - iPad,16-11-2025,High
6569,3569,54,Male,Delhi,Beauty,Sony,71512.74,3,15,10726.91,182357.49,COD,Tablet - iPad,06-10-2025,High
6570,3570,28,Female,Mumbai,Home,Adidas,34659.45,2,30,10397.83,48523.24,COD,Mobile - iOS,09-07-2025,Medium
6571,3571,38,Male,Hyderabad,Electronics,Samsung,69133.38,4,40,27653.35,165920.12,COD,Tablet - Android,10-10-2025,High
6572,3572,22,Female,Hyderabad,Beauty,Samsung,13241.11,2,10,1324.11,23834,UPI,Mobile - Android,28-10-2025,Medium
6573,3573,51,Female,Pune,Electronics,Nike,17073.62,5,5,853.68,81099.7,Card,Tablet - Android,10-05-2025,High
6574,3574,54,Female,Delhi,Sports,Adidas,40992.63,5,5,2049.63,194715,UPI,Mobile - iOS,31-08-2025,High
6575,3575,49,Male,Pune,Beauty,Samsung,3986.46,4,40,1594.58,9567.52,Card,Mobile - iOS,24-02-2025,Low
6576,3576,27,Male,Mumbai,Sports,Apple,60548.27,2,10,6054.83,108986.88,Card,Laptop - Windows,23-07-2025,High
6577,3577,56,Male,Pune,Beauty,Sony,42864.88,4,0,0,171459.52,UPI,Tablet - Android,26-03-2025,High
6578,3578,30,Male,Delhi,Home,Adidas,11589.66,5,25,2897.42,43461.2,Card,Laptop - Windows,20-08-2025,Medium
6579,3579,19,Male,Bangalore,Electronics,Apple,40920.26,4,15,6138.04,139128.88,UPI,Mobile - Android,21-06-2025,High
6580,3580,40,Male,Chennai,Sports,Puma,39842.04,5,15,5976.31,169328.65,UPI,Tablet - iPad,04-12-2025,High
6581,3581,57,Male,Delhi,Beauty,Sony,51171.47,3,15,7675.72,130487.25,Card,Tablet - Android,31-07-2025,High
6582,3582,20,Male,Bangalore,Home,Adidas,4611.79,2,15,691.77,7840.04,Card,Mobile - iOS,29-04-2025,Low
6583,3583,38,Female,Chennai,Home,Samsung,29603.33,5,10,2960.33,133215,COD,Tablet - iPad,01-01-2025,High
6584,3584,27,Male,Hyderabad,Sports,Samsung,64595.37,5,25,16148.84,242232.65,Card,Laptop - Mac,05-10-2025,High
6585,3585,20,Female,Hyderabad,Clothing,Zara,2127.59,3,25,531.9,4787.07,UPI,Laptop - Windows,03-11-2025,Low
6586,3586,32,Female,Mumbai,Clothing,Zara,51129.16,3,5,2556.46,145718.1,Card,Laptop - Windows,09-05-2025,High
6587,3587,27,Female,Chennai,Sports,Nike,27364.27,4,40,10945.71,65674.24,COD,Tablet - Android,10-04-2025,High
6588,3588,64,Female,Pune,Home,Puma,54061.94,5,15,8109.29,229763.25,COD,Mobile - iOS,19-07-2025,High
6589,3589,26,Female,Delhi,Sports,Adidas,23468.82,2,30,7040.65,32856.34,Card,Tablet - iPad,23-06-2025,Medium
6590,3590,33,Male,Mumbai,Electronics,Boat,72328.79,2,15,10849.32,122958.94,UPI,Mobile - iOS,02-09-2025,High
6591,3591,41,Male,Bangalore,Sports,Boat,24163.58,2,40,9665.43,28996.3,Card,Laptop - Windows,31-08-2025,Medium
6592,3592,37,Female,Chennai,Home,Sony,67696.24,3,0,0,203088.72,UPI,Laptop - Mac,18-05-2025,High
6593,3593,47,Male,Bangalore,Clothing,Sony,13940.92,1,10,1394.09,12546.83,Card,Mobile - Android,27-03-2025,Low
6594,3594,30,Male,Bangalore,Clothing,Zara,78445.96,4,10,7844.6,282405.44,COD,Mobile - Android,08-06-2025,High
6595,3595,18,Male,Delhi,Clothing,Zara,29060.62,1,20,5812.12,23248.5,Card,Mobile - iOS,05-02-2025,Medium
6596,3596,21,Female,Mumbai,Electronics,Zara,40360.63,2,30,12108.19,56504.88,UPI,Tablet - iPad,10-09-2025,High
6597,3597,24,Female,Pune,Electronics,Adidas,67022.82,4,25,16755.71,201068.44,UPI,Mobile - Android,30-11-2025,High
6598,3598,53,Male,Chennai,Beauty,Nike,6170.58,4,30,1851.17,17277.64,Card,Laptop - Windows,17-09-2025,Low
6599,3599,38,Female,Chennai,Beauty,Samsung,12118.78,2,30,3635.63,16966.3,Card,Laptop - Mac,03-07-2025,Low
6600,3600,47,Female,Pune,Sports,Apple,27115.83,2,25,6778.96,40673.74,Card,Tablet - Android,02-12-2025,Medium
6601,3601,56,Male,Mumbai,Clothing,Sony,31187.97,2,40,12475.19,37425.56,UPI,Tablet - iPad,08-01-2025,Medium
6602,3602,44,Female,Chennai,Sports,Apple,64936.98,3,20,12987.4,155848.74,UPI,Laptop - Windows,05-03-2025,High
6603,3603,43,Female,Chennai,Clothing,Zara,18057.62,3,40,7223.05,32503.71,UPI,Mobile - iOS,20-01-2025,Medium
6604,3604,36,Male,Bangalore,Clothing,Nike,64854.25,1,25,16213.56,48640.69,COD,Tablet - Android,09-06-2025,Medium
6605,3605,31,Male,Mumbai,Clothing,Zara,58841.82,5,15,8826.27,250077.75,COD,Laptop - Mac,19-12-2025,High
6606,3606,57,Male,Delhi,Home,Nike,65308.86,2,40,26123.54,78370.64,Card,Mobile - Android,21-11-2025,High
6607,3607,59,Female,Hyderabad,Electronics,Nike,66923.21,1,40,26769.28,40153.93,UPI,Laptop - Windows,09-04-2025,Medium
6608,3608,48,Female,Bangalore,Electronics,Samsung,59407.77,5,0,0,297038.85,Card,Laptop - Mac,17-03-2025,High
6609,3609,24,Female,Chennai,Beauty,Nike,14578.33,3,5,728.92,41548.23,UPI,Laptop - Windows,12-09-2025,Medium
6610,3610,50,Female,Bangalore,Home,Zara,38152.57,4,25,9538.14,114457.72,Card,Mobile - Android,17-07-2025,High
6611,3611,26,Male,Delhi,Sports,Samsung,62672.22,5,15,9400.83,266356.95,UPI,Laptop - Windows,09-01-2025,High
6612,3612,19,Female,Hyderabad,Home,Zara,18369.89,5,5,918.49,87257,Card,Tablet - iPad,02-09-2025,High
6613,3613,53,Female,Pune,Sports,Puma,64945.46,5,20,12989.09,259781.85,COD,Laptop - Windows,10-03-2025,High
6614,3614,24,Female,Mumbai,Home,Adidas,54596.08,2,15,8189.41,92813.34,COD,Laptop - Mac,18-10-2025,High
6615,3615,22,Female,Bangalore,Sports,Samsung,62955.91,1,25,15738.98,47216.93,COD,Mobile - iOS,16-09-2025,Medium
6616,3616,39,Female,Hyderabad,Clothing,Adidas,8497.2,5,0,0,42486,Card,Mobile - iOS,24-04-2025,Medium
6617,3617,51,Male,Chennai,Home,Sony,44442.82,3,30,13332.85,93329.91,UPI,Tablet - Android,23-03-2025,High
6618,3618,33,Female,Pune,Clothing,Sony,59120.42,1,25,14780.1,44340.32,COD,Laptop - Windows,08-08-2025,Medium
6619,3619,31,Female,Chennai,Clothing,Zara,44107.07,2,30,13232.12,61749.9,COD,Laptop - Mac,26-11-2025,High
6620,3620,26,Female,Mumbai,Clothing,Puma,7677.64,4,0,0,30710.56,COD,Mobile - Android,13-02-2025,Medium
6621,3621,23,Female,Bangalore,Electronics,Adidas,75742.16,5,40,30296.86,227226.5,COD,Mobile - iOS,26-07-2025,High
6622,3622,62,Male,Hyderabad,Clothing,Samsung,50715.9,5,5,2535.8,240900.5,COD,Laptop - Mac,11-03-2025,High
6623,3623,54,Male,Pune,Beauty,Apple,40644.74,2,40,16257.9,48773.68,Card,Mobile - Android,07-02-2025,Medium
6624,3624,58,Female,Mumbai,Beauty,Adidas,28354.18,4,5,1417.71,107745.88,COD,Mobile - Android,12-07-2025,High
6625,3625,19,Female,Bangalore,Electronics,Boat,20022.61,5,30,6006.78,70079.15,COD,Tablet - Android,20-07-2025,High
6626,3626,54,Male,Mumbai,Home,Adidas,40909.29,5,15,6136.39,173864.5,Card,Laptop - Mac,27-08-2025,High
6627,3627,61,Female,Bangalore,Beauty,Nike,4620.22,5,40,1848.09,13860.65,UPI,Tablet - iPad,22-03-2025,Low
6628,3628,59,Female,Delhi,Electronics,Boat,75277.32,4,20,15055.46,240887.44,UPI,Laptop - Windows,15-04-2025,High
6629,3629,59,Male,Mumbai,Beauty,Puma,14005.09,5,0,0,70025.45,COD,Laptop - Windows,27-06-2025,High
6630,3630,36,Male,Mumbai,Clothing,Zara,25289.02,3,15,3793.35,64487.01,UPI,Laptop - Windows,15-05-2025,High
6631,3631,60,Male,Delhi,Electronics,Puma,66145.83,4,30,19843.75,185208.32,UPI,Mobile - iOS,21-11-2025,High
6632,3632,61,Male,Bangalore,Home,Samsung,76784.31,3,0,0,230352.93,COD,Tablet - Android,03-12-2025,High
6633,3633,34,Male,Delhi,Electronics,Sony,41395.11,5,0,0,206975.55,COD,Tablet - Android,29-08-2025,High
6634,3634,18,Male,Mumbai,Electronics,Zara,58902.64,3,0,0,176707.92,Card,Tablet - iPad,13-12-2025,High
6635,3635,21,Male,Pune,Beauty,Samsung,74971.55,3,15,11245.73,191177.46,COD,Tablet - iPad,10-05-2025,High
6636,3636,54,Female,Pune,Beauty,Zara,4577.95,2,10,457.8,8240.3,Card,Mobile - iOS,08-11-2025,Low
6637,3637,47,Female,Bangalore,Clothing,Boat,290.55,4,15,43.58,987.88,UPI,Tablet - iPad,01-10-2025,Low
6638,3638,63,Male,Mumbai,Clothing,Apple,63839.63,2,30,19151.89,89375.48,COD,Laptop - Windows,07-08-2025,High
6639,3639,47,Male,Bangalore,Sports,Apple,38996.23,5,30,11698.87,136486.8,UPI,Laptop - Mac,27-01-2025,High
6640,3640,46,Female,Pune,Sports,Adidas,56779.66,2,30,17033.9,79491.52,COD,Mobile - iOS,30-06-2025,High
6641,3641,63,Male,Pune,Sports,Samsung,31607.84,3,10,3160.78,85341.18,COD,Mobile - Android,28-02-2025,High
6642,3642,38,Female,Bangalore,Clothing,Apple,10787.73,1,15,1618.16,9169.57,COD,Laptop - Mac,27-12-2025,Low
6643,3643,20,Female,Bangalore,Clothing,Zara,4791.88,2,30,1437.56,6708.64,COD,Tablet - Android,06-09-2025,Low
6644,3644,42,Male,Chennai,Clothing,Apple,72314.68,4,25,18078.67,216944.04,COD,Tablet - iPad,11-10-2025,High
6645,3645,20,Male,Pune,Sports,Samsung,66427.9,5,5,3321.4,315532.5,UPI,Tablet - Android,25-10-2025,High
6646,3646,28,Male,Bangalore,Clothing,Sony,64837.89,1,40,25935.16,38902.73,UPI,Mobile - iOS,08-05-2025,Medium
6647,3647,56,Female,Mumbai,Clothing,Samsung,18577.83,3,30,5573.35,39013.44,COD,Mobile - Android,04-07-2025,Medium
6648,3648,63,Female,Chennai,Home,Boat,77607.77,5,10,7760.78,349234.95,COD,Laptop - Mac,05-02-2025,High
6649,3649,54,Female,Delhi,Electronics,Zara,70598.52,3,0,0,211795.56,UPI,Tablet - Android,09-07-2025,High
6650,3650,38,Male,Chennai,Sports,Puma,40212.31,3,25,10053.08,90477.69,Card,Tablet - iPad,29-04-2025,High
6651,3651,62,Female,Delhi,Sports,Samsung,76863.79,3,5,3843.19,219061.8,COD,Tablet - iPad,08-05-2025,High
6652,3652,31,Male,Delhi,Clothing,Apple,58137.98,3,30,17441.39,122089.77,COD,Mobile - Android,07-08-2025,High
6653,3653,56,Male,Delhi,Beauty,Zara,1656.84,2,40,662.74,1988.2,Card,Laptop - Mac,13-09-2025,Low
6654,3654,59,Female,Delhi,Beauty,Apple,77605.41,2,25,19401.35,116408.12,COD,Mobile - iOS,04-01-2025,High
6655,3655,48,Male,Chennai,Beauty,Nike,44752.99,4,30,13425.9,125308.36,COD,Laptop - Mac,02-12-2025,High
6656,3656,57,Female,Mumbai,Electronics,Zara,5804.54,4,15,870.68,19735.44,Card,Tablet - Android,18-09-2025,Low
6657,3657,44,Female,Hyderabad,Home,Samsung,29166.55,4,20,5833.31,93332.96,UPI,Laptop - Mac,28-05-2025,High
6658,3658,34,Male,Delhi,Sports,Boat,32788.33,1,40,13115.33,19673,Card,Tablet - iPad,03-09-2025,Low
6659,3659,41,Female,Chennai,Clothing,Zara,67420.28,4,10,6742.03,242713,Card,Laptop - Mac,18-10-2025,High
6660,3660,52,Male,Hyderabad,Beauty,Sony,2333.22,2,5,116.66,4433.12,COD,Tablet - Android,18-02-2025,Low
6661,3661,36,Male,Bangalore,Beauty,Sony,51882.5,5,15,7782.38,220500.6,Card,Laptop - Mac,11-11-2025,High
6662,3662,51,Male,Delhi,Sports,Puma,71828.56,4,15,10774.28,244217.12,Card,Laptop - Windows,28-02-2025,High
6663,3663,20,Female,Chennai,Clothing,Puma,52579.09,2,10,5257.91,94642.36,UPI,Mobile - Android,22-11-2025,High
6664,3664,35,Male,Pune,Beauty,Puma,30935.31,3,10,3093.53,83525.34,Card,Mobile - iOS,30-03-2025,High
6665,3665,48,Female,Chennai,Sports,Apple,37250.3,1,20,7450.06,29800.24,UPI,Tablet - Android,19-12-2025,Medium
6666,3666,32,Female,Pune,Clothing,Puma,74283.83,2,0,0,148567.66,Card,Laptop - Mac,06-05-2025,High
6667,3667,64,Male,Delhi,Electronics,Puma,5981.82,1,25,1495.46,4486.36,COD,Laptop - Mac,05-09-2025,Low
6668,3668,43,Male,Pune,Beauty,Apple,36032.05,2,10,3603.21,64857.68,Card,Laptop - Windows,14-09-2025,High
6669,3669,58,Female,Pune,Clothing,Sony,47549.52,5,30,14264.86,166423.3,Card,Tablet - iPad,05-02-2025,High
6670,3670,62,Male,Chennai,Sports,Nike,9544.26,3,15,1431.64,24337.86,Card,Tablet - iPad,16-02-2025,Medium
6671,3671,34,Male,Mumbai,Beauty,Adidas,48240.69,3,0,0,144722.07,Card,Tablet - iPad,14-01-2025,High
6672,3672,30,Male,Delhi,Sports,Samsung,7558.63,2,10,755.86,13605.54,COD,Mobile - Android,03-03-2025,Low
6673,3673,35,Male,Pune,Sports,Sony,78146.68,2,5,3907.33,148478.7,Card,Mobile - iOS,23-05-2025,High
6674,3674,29,Female,Delhi,Beauty,Adidas,22619.79,2,40,9047.92,27143.74,Card,Tablet - iPad,06-06-2025,Medium
6675,3675,39,Male,Mumbai,Home,Boat,39606.09,2,40,15842.44,47527.3,COD,Mobile - Android,06-07-2025,Medium
6676,3676,54,Female,Delhi,Beauty,Nike,79151.39,4,30,23745.42,221623.88,UPI,Laptop - Mac,21-08-2025,High
6677,3677,62,Male,Delhi,Electronics,Nike,21983.79,5,30,6595.14,76943.25,UPI,Mobile - Android,07-12-2025,High
6678,3678,28,Male,Delhi,Home,Adidas,38656.28,3,20,7731.26,92775.06,UPI,Mobile - Android,25-01-2025,High
6679,3679,30,Male,Bangalore,Beauty,Adidas,54166.87,2,25,13541.72,81250.3,COD,Laptop - Windows,12-02-2025,High
6680,3680,53,Male,Mumbai,Beauty,Adidas,73229.14,4,20,14645.83,234333.24,COD,Mobile - iOS,21-02-2025,High
6681,3681,42,Female,Delhi,Home,Apple,34669.71,5,15,5200.46,147346.25,Card,Mobile - Android,04-01-2025,High
6682,3682,36,Male,Chennai,Beauty,Boat,24250.2,2,15,3637.53,41225.34,Card,Laptop - Mac,01-03-2025,Medium
6683,3683,18,Male,Mumbai,Electronics,Samsung,33604.63,2,30,10081.39,47046.48,Card,Mobile - iOS,07-05-2025,Medium
6684,3684,31,Female,Bangalore,Clothing,Zara,32603.89,1,25,8150.97,24452.92,COD,Tablet - iPad,09-03-2025,Medium
6685,3685,19,Female,Chennai,Electronics,Puma,44951.96,1,0,0,44951.96,Card,Mobile - Android,03-02-2025,Medium
6686,3686,22,Male,Hyderabad,Home,Puma,12908.4,5,30,3872.52,45179.4,Card,Mobile - iOS,15-08-2025,Medium
6687,3687,24,Male,Hyderabad,Clothing,Boat,4850.11,1,10,485.01,4365.1,UPI,Laptop - Mac,01-04-2025,Low
6688,3688,44,Female,Delhi,Beauty,Nike,206.79,3,15,31.02,527.31,COD,Mobile - iOS,12-01-2025,Low
6689,3689,48,Male,Hyderabad,Beauty,Adidas,22084.38,2,30,6625.31,30918.14,Card,Laptop - Windows,07-07-2025,Medium
6690,3690,58,Female,Delhi,Clothing,Puma,25553.58,4,30,7666.07,71550.04,UPI,Tablet - iPad,03-03-2025,High
6691,3691,33,Male,Chennai,Beauty,Apple,77460.55,1,0,0,77460.55,UPI,Mobile - iOS,05-08-2025,High
6692,3692,41,Female,Bangalore,Clothing,Boat,17482.75,2,10,1748.28,31468.94,Card,Tablet - iPad,24-10-2025,Medium
6693,3693,63,Female,Bangalore,Electronics,Sony,43626.9,5,30,13088.07,152694.15,Card,Laptop - Windows,20-06-2025,High
6694,3694,50,Male,Pune,Electronics,Nike,69504.86,2,25,17376.22,104257.28,UPI,Mobile - Android,06-05-2025,High
6695,3695,51,Female,Mumbai,Sports,Apple,59135.22,1,0,0,59135.22,COD,Laptop - Mac,08-04-2025,High
6696,3696,23,Male,Delhi,Home,Apple,4827.85,5,10,482.79,21725.3,COD,Tablet - Android,02-07-2025,Medium
6697,3697,20,Male,Mumbai,Sports,Adidas,29873.3,3,5,1493.66,85138.92,UPI,Laptop - Mac,14-05-2025,High
6698,3698,51,Male,Chennai,Sports,Puma,53247.28,5,40,21298.91,159741.85,COD,Laptop - Windows,16-08-2025,High
6699,3699,28,Female,Pune,Sports,Boat,596.23,3,5,29.81,1699.26,UPI,Mobile - Android,19-08-2025,Low
6700,3700,38,Female,Delhi,Sports,Apple,76267.17,1,20,15253.43,61013.74,UPI,Laptop - Mac,17-04-2025,High
6701,3701,56,Male,Pune,Electronics,Samsung,18585.54,3,0,0,55756.62,COD,Tablet - iPad,26-10-2025,High
6702,3702,59,Female,Pune,Clothing,Puma,39013.79,4,15,5852.07,132646.88,COD,Tablet - iPad,07-02-2025,High
6703,3703,41,Male,Hyderabad,Beauty,Zara,5791.61,5,0,0,28958.05,UPI,Mobile - Android,26-06-2025,Medium
6704,3704,64,Male,Mumbai,Home,Samsung,12145.56,4,20,2429.11,38865.8,COD,Tablet - iPad,22-06-2025,Medium
6705,3705,19,Male,Hyderabad,Electronics,Zara,27605.39,1,20,5521.08,22084.31,UPI,Mobile - Android,16-01-2025,Medium
6706,3706,53,Female,Delhi,Electronics,Puma,9015.66,1,10,901.57,8114.09,Card,Tablet - iPad,04-01-2025,Low
6707,3707,47,Female,Hyderabad,Clothing,Sony,19378.13,1,5,968.91,18409.22,COD,Mobile - Android,30-03-2025,Low
6708,3708,44,Female,Delhi,Home,Adidas,39349.79,1,15,5902.47,33447.32,UPI,Mobile - iOS,27-11-2025,Medium
6709,3709,24,Male,Bangalore,Beauty,Nike,45693.87,3,15,6854.08,116519.37,UPI,Tablet - iPad,21-07-2025,High
6710,3710,18,Female,Chennai,Clothing,Adidas,66686.92,4,10,6668.69,240072.92,UPI,Mobile - Android,18-02-2025,High
6711,3711,57,Female,Delhi,Electronics,Boat,20205.41,1,15,3030.81,17174.6,Card,Mobile - Android,18-01-2025,Low
6712,3712,40,Female,Mumbai,Beauty,Apple,62770.79,3,10,6277.08,169481.13,COD,Mobile - iOS,09-05-2025,High
6713,3713,24,Female,Hyderabad,Home,Adidas,78550.96,1,25,19637.74,58913.22,Card,Mobile - iOS,13-06-2025,High
6714,3714,34,Male,Mumbai,Electronics,Sony,74432.28,1,0,0,74432.28,Card,Laptop - Mac,28-06-2025,High
6715,3715,45,Female,Mumbai,Electronics,Samsung,10608.68,4,30,3182.6,29704.32,UPI,Tablet - iPad,11-11-2025,Medium
6716,3716,37,Male,Bangalore,Beauty,Sony,34626.73,5,20,6925.35,138506.9,COD,Tablet - iPad,07-03-2025,High
6717,3717,48,Female,Mumbai,Sports,Apple,52502.91,3,20,10500.58,126006.99,COD,Tablet - iPad,03-02-2025,High
6718,3718,49,Male,Mumbai,Electronics,Sony,5793.32,2,0,0,11586.64,Card,Laptop - Windows,11-03-2025,Low
6719,3719,55,Male,Pune,Sports,Nike,32039.24,2,0,0,64078.48,Card,Laptop - Mac,15-06-2025,High
6720,3720,20,Female,Hyderabad,Clothing,Sony,72598.82,1,20,14519.76,58079.06,Card,Tablet - iPad,03-11-2025,High
6721,3721,34,Female,Chennai,Home,Zara,68448.56,3,5,3422.43,195078.39,UPI,Mobile - Android,04-10-2025,High
6722,3722,60,Male,Hyderabad,Beauty,Nike,3916.13,4,15,587.42,13314.84,UPI,Laptop - Windows,07-08-2025,Low
6723,3723,37,Female,Mumbai,Sports,Sony,61767.52,2,40,24707.01,74121.02,COD,Tablet - Android,05-08-2025,High
6724,3724,48,Female,Pune,Beauty,Apple,61846.08,3,30,18553.82,129876.78,Card,Mobile - iOS,23-06-2025,High
6725,3725,26,Male,Chennai,Beauty,Samsung,5730.87,2,30,1719.26,8023.22,COD,Mobile - iOS,19-04-2025,Low
6726,3726,40,Female,Bangalore,Sports,Boat,52399.8,5,20,10479.96,209599.2,Card,Tablet - Android,12-07-2025,High
6727,3727,49,Male,Bangalore,Electronics,Boat,60705.5,4,25,15176.38,182116.48,Card,Laptop - Mac,17-06-2025,High
6728,3728,41,Female,Delhi,Sports,Nike,16297.74,2,25,4074.44,24446.6,COD,Mobile - Android,03-03-2025,Medium
6729,3729,26,Male,Bangalore,Home,Adidas,58799.89,3,15,8819.98,149939.73,UPI,Tablet - iPad,21-01-2025,High
6730,3730,47,Female,Mumbai,Home,Adidas,69204.27,4,25,17301.07,207612.8,UPI,Mobile - Android,14-05-2025,High
6731,3731,38,Male,Chennai,Sports,Nike,43074.4,3,30,12922.32,90456.24,COD,Mobile - Android,13-02-2025,High
6732,3732,40,Female,Pune,Electronics,Adidas,14213.33,3,15,2132,36243.99,COD,Laptop - Windows,28-12-2025,Medium
6733,3733,45,Female,Hyderabad,Home,Boat,74958.56,1,20,14991.71,59966.85,Card,Tablet - Android,12-10-2025,High
6734,3734,63,Female,Mumbai,Clothing,Adidas,36425.14,1,15,5463.77,30961.37,Card,Laptop - Mac,22-06-2025,Medium
6735,3735,23,Male,Delhi,Sports,Boat,60500.16,2,25,15125.04,90750.24,Card,Mobile - iOS,03-01-2025,High
6736,3736,37,Male,Bangalore,Clothing,Sony,64766.24,2,25,16191.56,97149.36,UPI,Laptop - Windows,16-05-2025,High
6737,3737,32,Male,Hyderabad,Home,Sony,53680.72,2,40,21472.29,64416.86,Card,Mobile - iOS,15-01-2025,High
6738,3738,44,Male,Bangalore,Clothing,Puma,12227.92,3,30,3668.38,25678.62,COD,Laptop - Windows,16-09-2025,Medium
6739,3739,52,Male,Chennai,Beauty,Zara,73891.02,2,0,0,147782.04,UPI,Mobile - Android,04-01-2025,High
6740,3740,38,Female,Bangalore,Clothing,Samsung,67574.09,3,25,16893.52,152041.71,COD,Laptop - Windows,28-11-2025,High
6741,3741,57,Female,Pune,Home,Nike,47004.8,5,30,14101.44,164516.8,UPI,Mobile - Android,25-05-2025,High
6742,3742,29,Female,Hyderabad,Clothing,Sony,44428.38,2,15,6664.26,75528.24,COD,Tablet - Android,02-01-2025,High
6743,3743,39,Female,Mumbai,Sports,Zara,26544.86,2,5,1327.24,50435.24,Card,Tablet - Android,28-05-2025,High
6744,3744,22,Male,Pune,Electronics,Samsung,73651.48,5,0,0,368257.4,COD,Tablet - Android,11-08-2025,High
6745,3745,18,Female,Mumbai,Beauty,Nike,43071.46,1,25,10767.86,32303.6,Card,Laptop - Windows,20-01-2025,Medium
6746,3746,58,Female,Chennai,Clothing,Nike,43577.76,2,5,2178.89,82797.74,Card,Laptop - Windows,04-04-2025,High
6747,3747,45,Male,Hyderabad,Sports,Nike,49933.24,4,0,0,199732.96,COD,Laptop - Windows,18-08-2025,High
6748,3748,20,Female,Chennai,Beauty,Samsung,31401.91,5,15,4710.29,133458.1,COD,Laptop - Mac,02-10-2025,High
6749,3749,49,Male,Mumbai,Electronics,Apple,26158.94,1,25,6539.74,19619.2,Card,Laptop - Mac,22-12-2025,Low
6750,3750,55,Female,Pune,Electronics,Apple,61993.41,1,5,3099.67,58893.74,Card,Tablet - Android,04-08-2025,High
6751,3751,29,Male,Bangalore,Sports,Adidas,60617.03,4,25,15154.26,181851.08,UPI,Mobile - Android,20-05-2025,High
6752,3752,23,Male,Pune,Electronics,Puma,47139.57,5,15,7070.94,200343.15,COD,Mobile - iOS,28-06-2025,High
6753,3753,53,Female,Bangalore,Sports,Zara,53516.47,2,20,10703.29,85626.36,UPI,Laptop - Windows,30-09-2025,High
6754,3754,38,Female,Mumbai,Electronics,Nike,48243.44,5,15,7236.52,205034.6,UPI,Tablet - Android,27-11-2025,High
6755,3755,43,Male,Hyderabad,Clothing,Boat,36681.02,2,5,1834.05,69693.94,UPI,Tablet - iPad,30-08-2025,High
6756,3756,20,Female,Chennai,Home,Zara,65615.19,1,15,9842.28,55772.91,COD,Tablet - iPad,13-04-2025,High
6757,3757,63,Female,Pune,Home,Adidas,11775.5,3,5,588.78,33560.16,UPI,Laptop - Mac,14-07-2025,Medium
6758,3758,19,Female,Pune,Home,Adidas,63265.87,2,15,9489.88,107551.98,COD,Mobile - Android,20-10-2025,High
6759,3759,60,Female,Mumbai,Home,Apple,19293.74,2,25,4823.44,28940.6,COD,Mobile - iOS,20-04-2025,Medium
6760,3760,26,Female,Delhi,Clothing,Adidas,7819.84,4,10,781.98,28151.44,COD,Mobile - iOS,26-05-2025,Medium
6761,3761,55,Female,Hyderabad,Beauty,Boat,75223.69,5,5,3761.18,357312.55,Card,Laptop - Mac,16-02-2025,High
6762,3762,58,Female,Pune,Sports,Adidas,48889.91,1,15,7333.49,41556.42,COD,Tablet - iPad,17-06-2025,Medium
6763,3763,34,Male,Mumbai,Beauty,Sony,49442.35,3,20,9888.47,118661.64,COD,Mobile - iOS,25-10-2025,High
6764,3764,38,Female,Chennai,Beauty,Nike,73176.67,3,15,10976.5,186600.51,COD,Laptop - Windows,23-11-2025,High
6765,3765,38,Male,Mumbai,Electronics,Samsung,17584.22,1,10,1758.42,15825.8,COD,Laptop - Windows,11-04-2025,Low
6766,3766,60,Female,Mumbai,Beauty,Boat,40862.47,1,15,6129.37,34733.1,UPI,Mobile - Android,13-12-2025,Medium
6767,3767,58,Male,Delhi,Sports,Samsung,79950.07,5,25,19987.52,299812.75,COD,Mobile - iOS,30-11-2025,High
6768,3768,52,Female,Pune,Clothing,Sony,30377.64,1,10,3037.76,27339.88,Card,Tablet - Android,25-01-2025,Medium
6769,3769,51,Female,Mumbai,Electronics,Samsung,72545.67,1,10,7254.57,65291.1,UPI,Laptop - Windows,12-01-2025,High
6770,3770,20,Female,Delhi,Clothing,Puma,55298.13,4,5,2764.91,210132.88,UPI,Mobile - iOS,03-10-2025,High
6771,3771,37,Female,Bangalore,Home,Adidas,51590.19,1,25,12897.55,38692.64,COD,Tablet - Android,30-03-2025,Medium
6772,3772,39,Male,Delhi,Beauty,Adidas,11356.57,1,20,2271.31,9085.26,Card,Tablet - iPad,03-11-2025,Low
6773,3773,41,Female,Pune,Clothing,Apple,61649.82,1,25,15412.46,46237.36,UPI,Mobile - iOS,12-09-2025,Medium
6774,3774,60,Female,Mumbai,Clothing,Boat,6395.43,4,0,0,25581.72,COD,Tablet - iPad,13-07-2025,Medium
6775,3775,46,Female,Hyderabad,Clothing,Puma,13895.95,5,10,1389.6,62531.75,COD,Mobile - iOS,15-11-2025,High
6776,3776,29,Male,Pune,Sports,Adidas,64625.13,3,0,0,193875.39,COD,Tablet - iPad,14-10-2025,High
6777,3777,52,Female,Bangalore,Home,Puma,39408.69,5,40,15763.48,118226.05,COD,Mobile - Android,24-08-2025,High
6778,3778,40,Female,Hyderabad,Home,Apple,40994.81,3,15,6149.22,104536.77,Card,Tablet - Android,08-05-2025,High
6779,3779,31,Female,Hyderabad,Sports,Adidas,43502.76,3,0,0,130508.28,COD,Tablet - iPad,20-07-2025,High
6780,3780,48,Female,Bangalore,Electronics,Adidas,14994.52,1,25,3748.63,11245.89,UPI,Mobile - Android,30-07-2025,Low
6781,3781,56,Female,Hyderabad,Home,Zara,18974.23,3,40,7589.69,34153.62,UPI,Tablet - iPad,11-11-2025,Medium
6782,3782,41,Female,Bangalore,Sports,Puma,71881.53,4,5,3594.08,273149.8,Card,Tablet - Android,30-06-2025,High
6783,3783,57,Female,Pune,Home,Puma,42105.51,2,5,2105.28,80000.46,UPI,Laptop - Windows,24-04-2025,High
6784,3784,51,Male,Pune,Home,Adidas,43264.68,2,10,4326.47,77876.42,Card,Tablet - iPad,20-06-2025,High
6785,3785,56,Male,Delhi,Sports,Apple,13819.87,2,25,3454.97,20729.8,COD,Laptop - Windows,09-09-2025,Medium
6786,3786,33,Female,Hyderabad,Clothing,Adidas,63691.79,5,5,3184.59,302536,COD,Mobile - Android,10-12-2025,High
6787,3787,18,Male,Bangalore,Clothing,Apple,59189.1,1,20,11837.82,47351.28,UPI,Mobile - Android,25-08-2025,Medium
6788,3788,39,Female,Hyderabad,Home,Sony,16076.74,5,25,4019.18,60287.8,UPI,Tablet - iPad,08-04-2025,High
6789,3789,31,Female,Hyderabad,Sports,Sony,41766.95,1,5,2088.35,39678.6,COD,Tablet - iPad,24-10-2025,Medium
6790,3790,52,Male,Hyderabad,Electronics,Apple,71308.34,2,5,3565.42,135485.84,COD,Laptop - Mac,13-09-2025,High
6791,3791,31,Female,Mumbai,Clothing,Nike,7710.38,4,25,1927.6,23131.12,UPI,Laptop - Mac,04-08-2025,Medium
6792,3792,20,Male,Pune,Clothing,Adidas,49211.76,3,0,0,147635.28,Card,Laptop - Mac,17-05-2025,High
6793,3793,23,Female,Pune,Home,Adidas,49644.8,5,40,19857.92,148934.4,Card,Laptop - Windows,22-05-2025,High
6794,3794,62,Male,Pune,Beauty,Apple,5634.64,5,30,1690.39,19721.25,COD,Tablet - iPad,05-05-2025,Low
6795,3795,28,Female,Mumbai,Home,Puma,56226.69,5,40,22490.68,168680.05,Card,Tablet - iPad,14-01-2025,High
6796,3796,54,Female,Mumbai,Electronics,Samsung,6279.39,5,20,1255.88,25117.55,Card,Laptop - Windows,05-12-2025,Medium
6797,3797,44,Male,Pune,Beauty,Apple,20629.88,3,10,2062.99,55700.67,COD,Mobile - iOS,24-07-2025,High
6798,3798,46,Male,Chennai,Clothing,Boat,73651.11,3,40,29460.44,132572.01,UPI,Laptop - Mac,15-05-2025,High
6799,3799,28,Male,Hyderabad,Beauty,Nike,57307.53,5,25,14326.88,214903.25,UPI,Laptop - Windows,02-11-2025,High
6800,3800,19,Female,Delhi,Electronics,Sony,28577.1,1,0,0,28577.1,COD,Mobile - iOS,14-03-2025,Medium
6801,3801,29,Male,Chennai,Beauty,Sony,30504.16,2,20,6100.83,48806.66,Card,Laptop - Windows,20-06-2025,Medium
6802,3802,41,Female,Mumbai,Electronics,Boat,864.81,2,25,216.2,1297.22,UPI,Laptop - Mac,20-09-2025,Low
6803,3803,41,Female,Hyderabad,Beauty,Boat,2987.92,5,30,896.38,10457.7,COD,Mobile - iOS,28-01-2025,Low
6804,3804,50,Female,Delhi,Clothing,Boat,70658.35,3,15,10598.75,180178.8,Card,Laptop - Mac,10-06-2025,High
6805,3805,35,Male,Hyderabad,Home,Zara,8982.87,4,30,2694.86,25152.04,UPI,Laptop - Windows,28-01-2025,Medium
6806,3806,57,Female,Mumbai,Clothing,Boat,61635.95,3,10,6163.6,166417.05,UPI,Tablet - Android,03-09-2025,High
6807,3807,38,Male,Mumbai,Electronics,Sony,7409.6,2,10,740.96,13337.28,UPI,Laptop - Mac,17-02-2025,Low
6808,3808,39,Female,Chennai,Clothing,Sony,45589.89,5,25,11397.47,170962.1,Card,Tablet - Android,09-10-2025,High
6809,3809,36,Female,Pune,Home,Puma,15893.5,1,0,0,15893.5,Card,Mobile - Android,15-07-2025,Low
6810,3810,19,Male,Chennai,Home,Zara,76129.6,5,20,15225.92,304518.4,COD,Laptop - Mac,03-05-2025,High
6811,3811,34,Female,Chennai,Sports,Apple,77983.12,4,15,11697.47,265142.6,COD,Mobile - iOS,18-05-2025,High
6812,3812,57,Female,Hyderabad,Beauty,Nike,28737.04,2,40,11494.82,34484.44,COD,Tablet - iPad,21-07-2025,Medium
6813,3813,21,Male,Bangalore,Beauty,Sony,65741.35,1,5,3287.07,62454.28,UPI,Tablet - iPad,08-10-2025,High
6814,3814,27,Male,Mumbai,Sports,Samsung,22934.11,1,10,2293.41,20640.7,COD,Mobile - iOS,08-07-2025,Medium
6815,3815,60,Male,Pune,Electronics,Sony,59962.29,5,40,23984.92,179886.85,COD,Laptop - Windows,22-08-2025,High
6816,3816,31,Female,Hyderabad,Home,Zara,14208.8,5,15,2131.32,60387.4,COD,Mobile - Android,12-11-2025,High
6817,3817,31,Female,Bangalore,Beauty,Puma,51200.99,2,15,7680.15,87041.68,COD,Mobile - iOS,07-04-2025,High
6818,3818,43,Male,Hyderabad,Home,Apple,76482.67,3,15,11472.4,195030.81,Card,Laptop - Windows,01-03-2025,High
6819,3819,28,Female,Pune,Electronics,Puma,14710.07,5,15,2206.51,62517.8,Card,Laptop - Mac,22-02-2025,High
6820,3820,42,Male,Mumbai,Home,Apple,13227.51,5,40,5291,39682.55,UPI,Laptop - Mac,09-01-2025,Medium
6821,3821,48,Female,Delhi,Sports,Adidas,35747.52,4,30,10724.26,100093.04,UPI,Tablet - iPad,19-02-2025,High
6822,3822,48,Male,Bangalore,Sports,Sony,76704.9,4,20,15340.98,245455.68,Card,Laptop - Mac,11-02-2025,High
6823,3823,48,Male,Hyderabad,Clothing,Zara,35653.93,2,30,10696.18,49915.5,UPI,Mobile - Android,30-10-2025,Medium
6824,3824,60,Female,Mumbai,Beauty,Apple,16850.3,3,5,842.52,48023.34,Card,Mobile - Android,31-08-2025,Medium
6825,3825,53,Male,Bangalore,Clothing,Puma,2369.2,4,0,0,9476.8,Card,Laptop - Windows,02-07-2025,Low
6826,3826,42,Male,Bangalore,Electronics,Samsung,29128.88,5,10,2912.89,131079.95,COD,Mobile - Android,01-10-2025,High
6827,3827,48,Female,Chennai,Beauty,Adidas,58926.66,1,40,23570.66,35356,Card,Mobile - Android,28-03-2025,Medium
6828,3828,40,Female,Hyderabad,Electronics,Boat,23062.6,3,30,6918.78,48431.46,COD,Laptop - Mac,21-07-2025,Medium
6829,3829,59,Male,Hyderabad,Home,Samsung,36050.51,5,30,10815.15,126176.8,Card,Tablet - Android,18-09-2025,High
6830,3830,31,Male,Bangalore,Sports,Zara,14916.8,4,5,745.84,56683.84,UPI,Tablet - iPad,20-09-2025,High
6831,3831,34,Male,Hyderabad,Home,Adidas,56469.33,1,40,22587.73,33881.6,COD,Laptop - Windows,12-05-2025,Medium
6832,3832,23,Female,Chennai,Home,Zara,35268.05,4,25,8817.01,105804.16,COD,Mobile - Android,24-11-2025,High
6833,3833,22,Male,Hyderabad,Sports,Adidas,7541.6,3,0,0,22624.8,Card,Mobile - iOS,03-04-2025,Medium
6834,3834,36,Female,Delhi,Sports,Puma,26563.69,3,25,6640.92,59768.31,COD,Mobile - Android,25-10-2025,High
6835,3835,55,Male,Mumbai,Electronics,Nike,57877,4,0,0,231508,COD,Mobile - iOS,18-01-2025,High
6836,3836,60,Female,Delhi,Electronics,Boat,53592.92,2,40,21437.17,64311.5,UPI,Laptop - Windows,24-11-2025,High
6837,3837,29,Male,Bangalore,Electronics,Samsung,61105.87,1,10,6110.59,54995.28,COD,Laptop - Windows,26-11-2025,High
6838,3838,52,Female,Pune,Sports,Apple,72639.48,2,10,7263.95,130751.06,UPI,Laptop - Windows,17-03-2025,High
6839,3839,32,Female,Bangalore,Clothing,Nike,41644.72,3,5,2082.24,118687.44,COD,Tablet - Android,06-03-2025,High
6840,3840,53,Male,Delhi,Clothing,Samsung,11109.17,4,5,555.46,42214.84,COD,Mobile - iOS,26-10-2025,Medium
6841,3841,39,Female,Hyderabad,Electronics,Puma,39140.01,5,30,11742,136990.05,Card,Mobile - iOS,08-03-2025,High
6842,3842,30,Female,Pune,Beauty,Boat,431.01,1,5,21.55,409.46,COD,Mobile - iOS,27-07-2025,Low
6843,3843,63,Male,Delhi,Sports,Nike,43094.46,2,5,2154.72,81879.48,Card,Tablet - iPad,19-08-2025,High
6844,3844,31,Female,Mumbai,Clothing,Samsung,73938.05,4,40,29575.22,177451.32,COD,Laptop - Mac,09-08-2025,High
6845,3845,23,Male,Mumbai,Electronics,Sony,78670.19,4,15,11800.53,267478.64,UPI,Mobile - iOS,17-07-2025,High
6846,3846,28,Male,Mumbai,Electronics,Puma,77927.33,3,0,0,233781.99,COD,Tablet - iPad,03-06-2025,High
6847,3847,47,Female,Hyderabad,Electronics,Samsung,17541.19,4,30,5262.36,49115.32,Card,Laptop - Mac,01-01-2025,Medium
6848,3848,20,Female,Chennai,Clothing,Puma,54693.49,2,30,16408.05,76570.88,COD,Mobile - Android,23-10-2025,High
6849,3849,26,Male,Bangalore,Electronics,Nike,23718.3,5,25,5929.58,88943.6,Card,Laptop - Windows,11-09-2025,High
6850,3850,32,Male,Chennai,Home,Samsung,23723.86,4,25,5930.96,71171.6,UPI,Mobile - Android,31-01-2025,High
6851,3851,24,Female,Mumbai,Electronics,Sony,32024.31,1,5,1601.22,30423.09,COD,Tablet - iPad,08-02-2025,Medium
6852,3852,21,Male,Delhi,Electronics,Adidas,52494.39,3,30,15748.32,110238.21,COD,Laptop - Mac,04-03-2025,High
6853,3853,49,Male,Chennai,Clothing,Adidas,11182.25,5,20,2236.45,44729,COD,Mobile - Android,24-02-2025,Medium
6854,3854,29,Male,Bangalore,Beauty,Puma,46706.12,3,25,11676.53,105088.77,COD,Mobile - iOS,10-11-2025,High
6855,3855,42,Female,Mumbai,Electronics,Sony,67935.16,1,5,3396.76,64538.4,Card,Tablet - iPad,05-08-2025,High
6856,3856,49,Male,Delhi,Sports,Apple,50862.75,5,40,20345.1,152588.25,Card,Laptop - Mac,19-01-2025,High
6857,3857,32,Female,Mumbai,Electronics,Sony,40821.17,4,15,6123.18,138791.96,COD,Mobile - Android,19-04-2025,High
6858,3858,47,Female,Delhi,Home,Apple,24203.48,4,25,6050.87,72610.44,UPI,Laptop - Mac,17-08-2025,High
6859,3859,44,Male,Chennai,Clothing,Sony,14178.1,4,20,2835.62,45369.92,UPI,Tablet - Android,30-12-2025,Medium
6860,3860,25,Male,Chennai,Sports,Nike,12537.18,5,40,5014.87,37611.55,Card,Laptop - Windows,24-05-2025,Medium
6861,3861,44,Male,Mumbai,Home,Sony,33429.41,4,30,10028.82,93602.36,Card,Tablet - iPad,07-12-2025,High
6862,3862,32,Male,Hyderabad,Beauty,Samsung,55602.69,3,5,2780.13,158467.68,COD,Mobile - Android,27-05-2025,High
6863,3863,23,Male,Delhi,Beauty,Apple,34703.02,4,40,13881.21,83287.24,COD,Laptop - Mac,25-04-2025,High
6864,3864,50,Male,Delhi,Home,Nike,52677.17,4,5,2633.86,200173.24,Card,Tablet - Android,27-12-2025,High
6865,3865,38,Male,Chennai,Beauty,Adidas,78168.67,3,10,7816.87,211055.4,COD,Laptop - Windows,17-04-2025,High
6866,3866,41,Male,Chennai,Electronics,Nike,75809.27,1,10,7580.93,68228.34,COD,Tablet - Android,15-09-2025,High
6867,3867,40,Male,Pune,Electronics,Nike,25591,3,25,6397.75,57579.75,UPI,Mobile - iOS,30-06-2025,High
6868,3868,57,Female,Delhi,Sports,Puma,34947.45,4,20,6989.49,111831.84,COD,Mobile - Android,27-07-2025,High
6869,3869,31,Female,Bangalore,Beauty,Boat,9803.62,4,15,1470.54,33332.32,UPI,Tablet - iPad,24-08-2025,Medium
6870,3870,56,Male,Pune,Clothing,Apple,29191.56,1,25,7297.89,21893.67,UPI,Tablet - iPad,21-10-2025,Medium
6871,3871,41,Male,Bangalore,Clothing,Samsung,63629.85,2,40,25451.94,76355.82,Card,Tablet - iPad,02-05-2025,High
6872,3872,58,Male,Hyderabad,Sports,Boat,67562.85,5,10,6756.29,304032.8,Card,Laptop - Mac,17-06-2025,High
6873,3873,48,Female,Mumbai,Home,Zara,4480.57,1,5,224.03,4256.54,UPI,Mobile - Android,18-02-2025,Low
6874,3874,60,Male,Chennai,Electronics,Nike,43558.25,3,5,2177.91,124141.02,COD,Tablet - Android,17-02-2025,High
6875,3875,20,Male,Chennai,Home,Sony,56050.17,2,0,0,112100.34,Card,Mobile - Android,24-12-2025,High
6876,3876,64,Female,Chennai,Home,Boat,50433.05,4,30,15129.92,141212.52,COD,Laptop - Windows,27-04-2025,High
6877,3877,38,Female,Mumbai,Electronics,Sony,55450.09,1,40,22180.04,33270.05,UPI,Mobile - iOS,23-07-2025,Medium
6878,3878,37,Female,Bangalore,Sports,Adidas,78220.78,1,10,7822.08,70398.7,Card,Mobile - iOS,24-11-2025,High
6879,3879,45,Male,Mumbai,Beauty,Apple,9123.58,1,0,0,9123.58,Card,Tablet - iPad,14-07-2025,Low
6880,3880,54,Male,Hyderabad,Clothing,Sony,57606.47,3,10,5760.65,155537.46,UPI,Mobile - iOS,14-09-2025,High
6881,3881,22,Female,Delhi,Beauty,Zara,67085.83,2,40,26834.33,80503,COD,Tablet - Android,30-11-2025,High
6882,3882,33,Female,Bangalore,Home,Apple,64428.88,5,5,3221.44,306037.2,Card,Tablet - iPad,02-10-2025,High
6883,3883,44,Female,Delhi,Beauty,Nike,47755.26,1,0,0,47755.26,Card,Mobile - iOS,25-06-2025,Medium
6884,3884,40,Male,Chennai,Electronics,Boat,59509.23,3,5,2975.46,169601.31,UPI,Mobile - iOS,22-02-2025,High
6885,3885,49,Female,Chennai,Clothing,Samsung,12336.67,4,40,4934.67,29608,Card,Laptop - Mac,11-01-2025,Medium
6886,3886,47,Female,Hyderabad,Beauty,Puma,50122.78,4,10,5012.28,180442,COD,Mobile - iOS,17-08-2025,High
6887,3887,23,Male,Chennai,Sports,Puma,31738.98,3,5,1586.95,90456.09,UPI,Tablet - Android,31-01-2025,High
6888,3888,24,Female,Pune,Home,Sony,57317.69,5,10,5731.77,257929.6,UPI,Mobile - iOS,22-05-2025,High
6889,3889,32,Male,Mumbai,Clothing,Samsung,66396.09,5,25,16599.02,248985.35,COD,Tablet - Android,07-04-2025,High
6890,3890,35,Female,Delhi,Sports,Apple,39713.87,5,10,3971.39,178712.4,COD,Laptop - Windows,23-09-2025,High
6891,3891,58,Female,Pune,Clothing,Puma,2826.64,5,10,282.66,12719.9,UPI,Tablet - Android,15-09-2025,Low
6892,3892,63,Female,Mumbai,Home,Samsung,29466.34,4,20,5893.27,94292.28,Card,Tablet - Android,06-08-2025,High
6893,3893,32,Female,Mumbai,Home,Boat,42261.89,4,5,2113.09,160595.2,COD,Mobile - Android,26-03-2025,High
6894,3894,20,Female,Hyderabad,Electronics,Puma,5937.37,4,30,1781.21,16624.64,Card,Mobile - Android,21-03-2025,Low
6895,3895,24,Male,Mumbai,Sports,Boat,7678.92,4,25,1919.73,23036.76,Card,Mobile - Android,08-05-2025,Medium
6896,3896,60,Female,Delhi,Clothing,Zara,18199.53,5,5,909.98,86447.75,COD,Mobile - Android,20-06-2025,High
6897,3897,51,Male,Bangalore,Home,Samsung,68742.95,4,0,0,274971.8,COD,Laptop - Windows,23-06-2025,High
6898,3898,48,Female,Pune,Sports,Nike,50675.57,5,0,0,253377.85,COD,Tablet - iPad,14-12-2025,High
6899,3899,18,Male,Mumbai,Electronics,Boat,58732.76,3,40,23493.1,105718.98,COD,Laptop - Windows,02-06-2025,High
6900,3900,23,Male,Bangalore,Beauty,Adidas,61877.16,3,15,9281.57,157786.77,Card,Tablet - Android,27-05-2025,High
6901,3901,47,Female,Mumbai,Clothing,Samsung,52428.73,5,15,7864.31,222822.1,UPI,Laptop - Windows,17-05-2025,High
6902,3902,20,Male,Delhi,Home,Puma,48196.98,4,20,9639.4,154230.32,COD,Mobile - iOS,30-11-2025,High
6903,3903,31,Male,Pune,Home,Apple,43190.54,1,30,12957.16,30233.38,Card,Mobile - Android,22-06-2025,Medium
6904,3904,22,Male,Hyderabad,Sports,Boat,60619.09,1,5,3030.95,57588.14,UPI,Tablet - Android,17-11-2025,High
6905,3905,60,Female,Hyderabad,Clothing,Puma,47830.55,4,20,9566.11,153057.76,UPI,Laptop - Windows,02-03-2025,High
6906,3906,40,Female,Delhi,Clothing,Puma,39764.23,4,40,15905.69,95434.16,Card,Mobile - iOS,24-09-2025,High
6907,3907,44,Male,Pune,Sports,Samsung,60506.39,5,25,15126.6,226898.95,UPI,Mobile - Android,07-03-2025,High
6908,3908,21,Female,Mumbai,Home,Zara,20561.45,1,5,1028.07,19533.38,UPI,Tablet - Android,22-02-2025,Low
6909,3909,22,Female,Mumbai,Sports,Adidas,2337.66,5,5,116.88,11103.9,UPI,Laptop - Windows,01-01-2025,Low
6910,3910,29,Male,Chennai,Sports,Sony,71519.67,1,20,14303.93,57215.74,UPI,Mobile - Android,21-02-2025,High
6911,3911,32,Female,Hyderabad,Sports,Puma,77575.46,3,20,15515.09,186181.11,Card,Mobile - iOS,01-05-2025,High
6912,3912,50,Female,Bangalore,Electronics,Boat,54788.15,3,0,0,164364.45,COD,Tablet - Android,11-03-2025,High
6913,3913,43,Male,Delhi,Beauty,Nike,63197.87,2,0,0,126395.74,COD,Laptop - Mac,22-07-2025,High
6914,3914,24,Male,Bangalore,Sports,Puma,3414.28,3,10,341.43,9218.55,COD,Mobile - Android,24-12-2025,Low
6915,3915,41,Female,Pune,Home,Boat,12142.58,1,10,1214.26,10928.32,UPI,Mobile - iOS,11-08-2025,Low
6916,3916,37,Male,Bangalore,Beauty,Sony,69894.62,3,30,20968.39,146778.69,COD,Mobile - iOS,05-05-2025,High
6917,3917,58,Male,Mumbai,Sports,Zara,33987.96,4,0,0,135951.84,UPI,Tablet - Android,27-09-2025,High
6918,3918,42,Male,Mumbai,Home,Puma,2637.55,2,5,131.88,5011.34,UPI,Tablet - iPad,21-12-2025,Low
6919,3919,37,Male,Delhi,Home,Boat,15015.19,3,25,3753.8,33784.17,UPI,Laptop - Windows,01-10-2025,Medium
6920,3920,34,Male,Hyderabad,Beauty,Nike,45535.11,3,25,11383.78,102453.99,COD,Mobile - iOS,25-02-2025,High
6921,3921,44,Female,Pune,Electronics,Boat,41514.39,3,10,4151.44,112088.85,Card,Laptop - Windows,24-11-2025,High
6922,3922,53,Male,Bangalore,Beauty,Nike,18522,4,25,4630.5,55566,Card,Laptop - Windows,06-02-2025,High
6923,3923,52,Male,Chennai,Home,Nike,77837.51,1,15,11675.63,66161.88,Card,Tablet - iPad,25-05-2025,High
6924,3924,26,Male,Delhi,Beauty,Apple,60070.92,5,15,9010.64,255301.4,UPI,Mobile - iOS,22-01-2025,High
6925,3925,46,Male,Pune,Clothing,Zara,56822.05,1,40,22728.82,34093.23,COD,Tablet - iPad,27-05-2025,Medium
6926,3926,34,Male,Hyderabad,Electronics,Adidas,48335.59,2,15,7250.34,82170.5,UPI,Tablet - iPad,06-11-2025,High
6927,3927,24,Male,Hyderabad,Home,Samsung,61766.43,4,10,6176.64,222359.16,UPI,Mobile - Android,05-04-2025,High
6928,3928,30,Female,Mumbai,Home,Boat,9756.1,1,30,2926.83,6829.27,Card,Mobile - Android,11-11-2025,Low
6929,3929,35,Male,Delhi,Beauty,Adidas,72658.54,1,10,7265.85,65392.69,UPI,Laptop - Mac,07-09-2025,High
6930,3930,57,Female,Chennai,Electronics,Sony,64336.3,1,15,9650.44,54685.86,UPI,Mobile - Android,10-01-2025,High
6931,3931,51,Female,Hyderabad,Home,Boat,75395.28,4,25,18848.82,226185.84,UPI,Mobile - iOS,11-05-2025,High
6932,3932,28,Female,Pune,Sports,Samsung,8143.54,3,25,2035.88,18322.98,UPI,Tablet - iPad,25-01-2025,Low
6933,3933,31,Female,Chennai,Electronics,Boat,442.21,3,0,0,1326.63,Card,Tablet - iPad,02-05-2025,Low
6934,3934,33,Male,Hyderabad,Sports,Puma,62974.35,4,40,25189.74,151138.44,Card,Mobile - iOS,06-02-2025,High
6935,3935,60,Female,Mumbai,Electronics,Apple,78852.13,3,0,0,236556.39,COD,Laptop - Windows,07-08-2025,High
6936,3936,36,Female,Pune,Home,Puma,59030.85,3,5,2951.54,168237.93,Card,Laptop - Windows,22-01-2025,High
6937,3937,26,Male,Bangalore,Beauty,Puma,74418.59,2,20,14883.72,119069.74,UPI,Mobile - iOS,20-04-2025,High
6938,3938,46,Male,Hyderabad,Home,Puma,34933.99,1,5,1746.7,33187.29,Card,Tablet - iPad,17-01-2025,Medium
6939,3939,26,Female,Chennai,Electronics,Zara,17481.69,4,10,1748.17,62934.08,Card,Tablet - iPad,11-09-2025,High
6940,3940,19,Male,Mumbai,Electronics,Zara,72338.03,3,40,28935.21,130208.46,COD,Laptop - Windows,04-02-2025,High
6941,3941,57,Female,Bangalore,Sports,Samsung,403.2,2,30,120.96,564.48,UPI,Mobile - iOS,18-11-2025,Low
6942,3942,24,Female,Hyderabad,Beauty,Sony,46519.21,3,10,4651.92,125601.87,COD,Mobile - Android,08-03-2025,High
6943,3943,53,Male,Chennai,Beauty,Apple,55085.08,3,15,8262.76,140466.96,UPI,Tablet - Android,03-09-2025,High
6944,3944,38,Male,Hyderabad,Clothing,Boat,3952.49,2,20,790.5,6323.98,UPI,Mobile - Android,22-06-2025,Low
6945,3945,40,Male,Hyderabad,Beauty,Samsung,73005.37,1,15,10950.81,62054.56,UPI,Tablet - iPad,12-06-2025,High
6946,3946,53,Female,Delhi,Beauty,Boat,73255.06,2,20,14651.01,117208.1,Card,Tablet - Android,15-09-2025,High
6947,3947,48,Female,Delhi,Beauty,Puma,76572.98,1,5,3828.65,72744.33,COD,Mobile - iOS,10-05-2025,High
6948,3948,45,Male,Mumbai,Electronics,Sony,65237.92,2,5,3261.9,123952.04,Card,Tablet - iPad,23-10-2025,High
6949,3949,33,Male,Delhi,Beauty,Adidas,37140.74,4,0,0,148562.96,COD,Tablet - iPad,01-03-2025,High
6950,3950,42,Male,Hyderabad,Sports,Boat,43530.06,2,5,2176.5,82707.12,COD,Tablet - iPad,29-12-2025,High
6951,3951,53,Male,Chennai,Home,Sony,61362.43,5,0,0,306812.15,COD,Laptop - Windows,30-05-2025,High
6952,3952,26,Female,Chennai,Beauty,Samsung,41017.53,1,40,16407.01,24610.52,UPI,Mobile - iOS,01-04-2025,Medium
6953,3953,20,Female,Hyderabad,Home,Puma,48560.07,5,25,12140.02,182100.25,UPI,Tablet - Android,01-10-2025,High
6954,3954,27,Female,Delhi,Clothing,Adidas,67825.61,1,0,0,67825.61,Card,Mobile - iOS,28-12-2025,High
6955,3955,53,Male,Chennai,Clothing,Puma,9141.01,2,25,2285.25,13711.52,UPI,Laptop - Mac,13-07-2025,Low
6956,3956,26,Female,Hyderabad,Clothing,Adidas,72820.83,1,0,0,72820.83,Card,Tablet - Android,04-02-2025,High
6957,3957,18,Female,Pune,Electronics,Apple,19908.86,1,15,2986.33,16922.53,UPI,Tablet - Android,03-10-2025,Low
6958,3958,18,Male,Hyderabad,Sports,Samsung,1973.98,2,25,493.5,2960.96,COD,Tablet - iPad,10-11-2025,Low
6959,3959,26,Female,Mumbai,Home,Puma,2040.93,2,30,612.28,2857.3,UPI,Mobile - Android,14-10-2025,Low
6960,3960,44,Male,Mumbai,Beauty,Boat,71311.8,4,25,17827.95,213935.4,COD,Mobile - iOS,25-01-2025,High
6961,3961,48,Female,Delhi,Clothing,Sony,57720.32,3,10,5772.03,155844.87,COD,Laptop - Mac,06-12-2025,High
6962,3962,20,Male,Pune,Electronics,Samsung,69949.79,4,20,13989.96,223839.32,COD,Tablet - Android,02-06-2025,High
6963,3963,60,Female,Bangalore,Home,Sony,42234.72,2,15,6335.21,71799.02,COD,Tablet - iPad,22-05-2025,High
6964,3964,36,Female,Chennai,Electronics,Adidas,45425.36,1,10,4542.54,40882.82,UPI,Mobile - iOS,05-09-2025,Medium
6965,3965,50,Male,Hyderabad,Home,Boat,11482.79,4,30,3444.84,32151.8,UPI,Laptop - Windows,15-11-2025,Medium
6966,3966,23,Male,Bangalore,Clothing,Puma,76175.45,4,20,15235.09,243761.44,COD,Mobile - iOS,02-11-2025,High
6967,3967,43,Female,Hyderabad,Electronics,Samsung,30489.06,1,30,9146.72,21342.34,UPI,Laptop - Windows,29-06-2025,Medium
6968,3968,63,Female,Delhi,Beauty,Boat,43300.46,2,40,17320.18,51960.56,UPI,Mobile - iOS,08-10-2025,High
6969,3969,60,Male,Bangalore,Clothing,Adidas,26247.84,2,20,5249.57,41996.54,Card,Tablet - iPad,26-10-2025,Medium
6970,3970,41,Male,Pune,Home,Zara,18872.65,2,15,2830.9,32083.5,COD,Mobile - iOS,13-09-2025,Medium
6971,3971,37,Female,Delhi,Electronics,Nike,41808.31,4,25,10452.08,125424.92,COD,Tablet - iPad,07-07-2025,High
6972,3972,59,Male,Bangalore,Electronics,Samsung,41190.56,3,30,12357.17,86500.17,Card,Mobile - iOS,26-09-2025,High
6973,3973,30,Female,Bangalore,Sports,Puma,78436.17,2,20,15687.23,125497.88,UPI,Mobile - iOS,09-07-2025,High
6974,3974,35,Male,Chennai,Beauty,Puma,43753.43,4,5,2187.67,166263.04,UPI,Tablet - Android,18-06-2025,High
6975,3975,46,Female,Bangalore,Clothing,Apple,63587.69,3,15,9538.15,162148.62,UPI,Laptop - Windows,30-08-2025,High
6976,3976,46,Female,Delhi,Electronics,Boat,63845.72,5,20,12769.14,255382.9,Card,Tablet - iPad,20-08-2025,High
6977,3977,58,Female,Mumbai,Clothing,Nike,51855.11,2,30,15556.53,72597.16,COD,Laptop - Windows,08-02-2025,High
6978,3978,64,Male,Delhi,Electronics,Sony,21990.76,3,10,2199.08,59375.04,COD,Mobile - Android,26-06-2025,High
6979,3979,33,Female,Hyderabad,Sports,Nike,69198.96,4,20,13839.79,221436.68,UPI,Laptop - Mac,08-08-2025,High
6980,3980,21,Female,Pune,Home,Boat,46161.05,3,5,2308.05,131559,UPI,Laptop - Mac,15-05-2025,High
6981,3981,61,Male,Delhi,Electronics,Zara,72723.97,1,5,3636.2,69087.77,Card,Laptop - Mac,29-07-2025,High
6982,3982,64,Male,Hyderabad,Home,Zara,4190.36,2,30,1257.11,5866.5,Card,Laptop - Mac,06-09-2025,Low
6983,3983,47,Female,Bangalore,Clothing,Adidas,5305.62,4,0,0,21222.48,COD,Laptop - Mac,08-02-2025,Medium
6984,3984,28,Male,Chennai,Clothing,Samsung,62111.69,5,30,18633.51,217390.9,UPI,Mobile - iOS,26-02-2025,High
6985,3985,18,Male,Bangalore,Home,Puma,9849.86,4,0,0,39399.44,UPI,Laptop - Windows,11-04-2025,Medium
6986,3986,64,Male,Pune,Sports,Apple,31068.88,1,40,12427.55,18641.33,UPI,Mobile - iOS,13-09-2025,Low
6987,3987,45,Male,Hyderabad,Sports,Sony,18030.05,2,15,2704.51,30651.08,Card,Mobile - Android,05-06-2025,Medium
6988,3988,25,Male,Chennai,Home,Nike,39345.32,1,40,15738.13,23607.19,COD,Tablet - Android,29-05-2025,Medium
6989,3989,27,Male,Hyderabad,Clothing,Adidas,14347.96,2,25,3586.99,21521.94,UPI,Laptop - Windows,27-08-2025,Medium
6990,3990,23,Male,Pune,Electronics,Apple,70621.44,4,30,21186.43,197740.04,Card,Mobile - iOS,26-12-2025,High
6991,3991,56,Male,Chennai,Electronics,Adidas,75320.05,4,5,3766,286216.2,COD,Mobile - Android,21-12-2025,High
6992,3992,45,Female,Mumbai,Clothing,Sony,46387.41,2,0,0,92774.82,COD,Mobile - iOS,18-12-2025,High
6993,3993,55,Female,Delhi,Electronics,Apple,15680.82,2,25,3920.2,23521.24,Card,Mobile - Android,02-12-2025,Medium
6994,3994,32,Female,Bangalore,Clothing,Adidas,56168.71,5,20,11233.74,224674.85,UPI,Laptop - Windows,21-12-2025,High
6995,3995,61,Female,Delhi,Home,Adidas,60048.21,1,40,24019.28,36028.93,Card,Laptop - Mac,29-04-2025,Medium
6996,3996,43,Female,Pune,Clothing,Adidas,28280.25,4,25,7070.06,84840.76,Card,Tablet - Android,27-09-2025,High
6997,3997,56,Female,Delhi,Electronics,Sony,29000.61,1,30,8700.18,20300.43,Card,Laptop - Mac,08-07-2025,Medium
6998,3998,64,Male,Chennai,Electronics,Adidas,34516.64,4,10,3451.66,124259.92,COD,Mobile - Android,04-04-2025,High
6999,3999,22,Male,Pune,Beauty,Apple,4204.26,5,5,210.21,19970.25,Card,Mobile - iOS,25-12-2025,Low
7000,4000,20,Male,Chennai,Sports,Puma,31796.19,2,10,3179.62,57233.14,Card,Mobile - iOS,16-02-2025,High
